Property ID,Property Type,Location,Size,No of rooms,Year Built,Floor level,Building Condition,Price,Rent,Property Tax,Maintenance Cost,HOA Fees,Mortgage Interest Rate,Average Price per Square Meter,Price Change,Rental Yield,Days on Market
1,Apartment,Marzahn-Hellersdorf,115,2,1928,3,Poor,748567,3119,11229,7486,312,2.74,6509,3.57,5.0,99
2,Apartment,Schöneberg,119,2,2008,2,Good,244997,1021,3675,2450,102,3.32,2059,8.81,5.0,73
3,House,Schöneberg,40,2,1945,5,Good,184346,768,2765,1843,77,4.47,4609,5.23,5.0,89
4,Apartment,Treptow-Köpenick,124,3,1969,2,Fair,657128,2738,9857,6571,274,3.85,5299,-3.15,5.0,66
5,Apartment,Reinickendorf,150,1,2020,4,Fair,560567,2336,8409,5606,234,2.96,3737,3.81,5.0,41
6,Apartment,Marzahn-Hellersdorf,123,4,1913,1,Poor,813630,3390,12204,8136,339,2.93,6615,-1.16,5.0,97
7,House,Friedrichshain-Kreuzberg,96,1,1929,2,Fair,816046,3400,12241,8160,340,3.4,8500,-1.7,5.0,58
8,House,Spandau,145,3,1931,4,Poor,1262742,5261,18941,12627,526,2.91,8709,8.21,5.0,54
9,Apartment,Treptow-Köpenick,82,3,1919,1,Good,579301,2414,8690,5793,241,2.97,7065,-3.53,5.0,49
10,House,Lichtenberg,46,2,2007,5,Excellent,158812,662,2382,1588,66,3.38,3452,8.33,5.0,112
11,Apartment,Spandau,58,2,1982,5,Poor,307826,1283,4617,3078,128,4.3,5307,8.34,5.0,62
12,Apartment,Steglitz-Zehlendorf,49,2,1944,4,Fair,305314,1272,4580,3053,127,3.18,6231,5.21,5.0,56
13,Apartment,Marzahn-Hellersdorf,107,3,1962,2,Poor,893154,3721,13397,8932,372,2.62,8347,-3.6,5.0,60
14,House,Neukölln,150,1,1998,4,Poor,750045,3125,11251,7500,312,4.42,5000,4.1,5.0,67
15,Apartment,Treptow-Köpenick,63,3,1985,3,Excellent,416338,1735,6245,4163,174,4.23,6609,1.06,5.0,98
16,Apartment,Reinickendorf,124,1,2016,5,Fair,279136,1163,4187,2791,116,3.63,2251,6.65,5.0,37
17,House,Mitte,104,4,1924,5,Fair,847783,3532,12717,8478,353,3.07,8152,7.36,5.0,100
18,Apartment,Neukölln,144,3,1912,4,Good,329051,1371,4936,3291,137,2.79,2285,-1.65,5.0,80
19,Apartment,Spandau,103,4,1918,4,Good,522706,2178,7841,5227,218,2.94,5075,0.59,5.0,82
20,Apartment,Reinickendorf,52,4,1913,4,Excellent,351116,1463,5267,3511,146,3.85,6752,8.54,5.0,35
21,House,Steglitz-Zehlendorf,141,3,2000,1,Fair,1086808,4528,16302,10868,453,4.35,7708,-0.78,5.0,97
22,Apartment,Charlottenburg-Wilmersdorf,149,1,2010,3,Poor,658494,2744,9877,6585,274,3.44,4419,7.96,5.0,115
23,Apartment,Marzahn-Hellersdorf,79,4,1907,5,Poor,490550,2044,7358,4906,204,4.35,6209,-1.08,5.0,107
24,Apartment,Schöneberg,122,2,1954,5,Poor,506189,2109,7593,5062,211,3.79,4149,9.16,5.0,109
25,Apartment,Neukölln,127,3,1953,2,Excellent,941592,3923,14124,9416,392,3.73,7414,6.77,5.0,113
26,Apartment,Marzahn-Hellersdorf,95,2,2003,2,Excellent,445481,1856,6682,4455,186,2.83,4689,-3.01,5.0,96
27,Apartment,Lichtenberg,59,2,1929,1,Poor,495031,2063,7425,4950,206,4.27,8390,-3.76,5.0,111
28,Apartment,Charlottenburg-Wilmersdorf,109,1,1956,3,Poor,543073,2263,8146,5431,226,3.47,4982,3.37,5.0,45
29,Apartment,Neukölln,85,2,1912,1,Poor,219985,917,3300,2200,92,2.56,2588,9.93,5.0,42
30,House,Schöneberg,114,4,1943,5,Excellent,226998,946,3405,2270,95,3.26,1991,-0.85,5.0,112
31,Apartment,Tempelhof-Schöneberg,106,1,1987,3,Fair,808368,3368,12126,8084,337,2.99,7626,2.34,5.0,50
32,Apartment,Neukölln,44,1,1924,1,Poor,290650,1211,4360,2906,121,4.01,6606,3.61,5.0,89
33,Apartment,Treptow-Köpenick,128,1,1927,1,Fair,1108538,4619,16628,11085,462,3.72,8660,2.1,5.0,30
34,Apartment,Charlottenburg-Wilmersdorf,80,1,1923,2,Good,501874,2091,7528,5019,209,2.87,6273,6.48,5.0,57
35,Apartment,Charlottenburg-Wilmersdorf,92,2,1982,4,Fair,278350,1160,4175,2784,116,3.35,3026,-3.89,5.0,63
36,House,Treptow-Köpenick,137,4,1994,4,Excellent,576029,2400,8640,5760,240,3.27,4205,-1.49,5.0,99
37,House,Spandau,145,4,1985,3,Poor,928295,3868,13924,9283,387,2.85,6402,-4.43,5.0,48
38,House,Mitte,148,2,1944,1,Excellent,931351,3881,13970,9314,388,3.89,6293,3.83,5.0,49
39,House,Prenzlauer Berg,63,2,1915,2,Poor,537165,2238,8057,5372,224,3.41,8526,-3.24,5.0,78
40,House,Charlottenburg-Wilmersdorf,139,3,1912,4,Good,978827,4078,14682,9788,408,4.27,7042,6.78,5.0,103
41,Apartment,Friedrichshain-Kreuzberg,35,4,1968,5,Good,107708,449,1616,1077,45,2.98,3077,1.42,5.0,43
42,House,Schöneberg,49,1,1989,5,Fair,290552,1211,4358,2906,121,3.33,5930,2.61,5.0,52
43,House,Spandau,63,1,1944,2,Fair,457826,1908,6867,4578,191,4.28,7267,-1.79,5.0,84
44,House,Mitte,73,2,2003,3,Good,375604,1565,5634,3756,156,2.76,5145,5.7,5.0,119
45,Apartment,Charlottenburg-Wilmersdorf,65,3,2017,1,Good,218720,911,3281,2187,91,4.22,3365,6.75,5.0,116
46,House,Treptow-Köpenick,59,3,1901,3,Excellent,280070,1167,4201,2801,117,3.79,4747,7.77,5.0,63
47,House,Schöneberg,34,4,1916,2,Good,229248,955,3439,2292,96,3.94,6743,8.93,5.0,92
48,Apartment,Reinickendorf,81,3,2023,5,Excellent,507215,2113,7608,5072,211,4.24,6262,3.26,5.0,31
49,House,Neukölln,86,1,1974,3,Fair,330036,1375,4951,3300,138,4.01,3838,9.85,5.0,63
50,Apartment,Spandau,135,3,1942,3,Poor,741309,3089,11120,7413,309,4.45,5491,-4.5,5.0,94
51,House,Lichtenberg,135,3,2007,5,Excellent,713690,2974,10705,7137,297,3.61,5287,-1.12,5.0,75
52,House,Steglitz-Zehlendorf,60,4,1945,1,Good,404631,1686,6069,4046,169,3.19,6744,9.55,5.0,98
53,House,Spandau,103,2,2003,4,Excellent,896402,3735,13446,8964,374,3.63,8703,4.56,5.0,74
54,House,Mitte,34,3,1952,1,Good,86426,360,1296,864,36,3.17,2542,4.3,5.0,108
55,Apartment,Spandau,117,3,1902,2,Poor,516538,2152,7748,5165,215,3.59,4415,-2.52,5.0,109
56,House,Spandau,70,4,1927,4,Excellent,168383,702,2526,1684,70,4.36,2405,-3.07,5.0,98
57,House,Schöneberg,150,4,1904,2,Fair,1012243,4218,15184,10122,422,3.79,6748,8.86,5.0,64
58,Apartment,Schöneberg,35,3,1931,3,Poor,80808,337,1212,808,34,4.22,2309,1.15,5.0,111
59,House,Treptow-Köpenick,60,1,2001,4,Fair,209154,871,3137,2092,87,2.74,3486,-1.17,5.0,31
60,Apartment,Treptow-Köpenick,123,3,1947,1,Excellent,689565,2873,10343,6896,287,2.63,5606,-4.25,5.0,72
61,House,Lichtenberg,103,3,1901,3,Poor,757618,3157,11364,7576,316,3.91,7356,-3.89,5.0,98
62,House,Schöneberg,119,4,1991,1,Good,581060,2421,8716,5811,242,3.13,4883,-4.13,5.0,52
63,House,Prenzlauer Berg,121,3,2022,5,Excellent,437481,1823,6562,4375,182,3.26,3616,-3.59,5.0,89
64,House,Neukölln,73,4,1965,3,Excellent,337544,1406,5063,3375,141,2.84,4624,5.51,5.0,59
65,Apartment,Marzahn-Hellersdorf,101,4,2021,1,Excellent,566447,2360,8497,5664,236,2.52,5608,4.53,5.0,116
66,House,Neukölln,150,3,2005,3,Fair,958812,3995,14382,9588,400,4.45,6392,9.46,5.0,73
67,House,Schöneberg,117,2,1952,4,Poor,294615,1228,4419,2946,123,3.11,2518,8.5,5.0,73
68,House,Prenzlauer Berg,42,2,1965,4,Fair,273861,1141,4108,2739,114,3.44,6520,2.32,5.0,67
69,House,Schöneberg,111,2,1952,2,Fair,788127,3284,11822,7881,328,3.96,7100,8.59,5.0,67
70,Apartment,Neukölln,70,2,1928,2,Fair,325165,1355,4877,3252,136,4.07,4645,8.94,5.0,82
71,House,Spandau,98,4,1998,3,Excellent,495787,2066,7437,4958,207,2.69,5059,-2.85,5.0,109
72,House,Tempelhof-Schöneberg,98,3,1918,4,Fair,671337,2797,10070,6713,280,3.73,6850,-3.76,5.0,77
73,House,Treptow-Köpenick,68,4,1984,3,Good,249763,1041,3746,2498,104,3.17,3673,-2.79,5.0,31
74,Apartment,Mitte,56,4,1949,3,Fair,93396,389,1401,934,39,3.09,1668,8.47,5.0,42
75,House,Prenzlauer Berg,143,1,1976,1,Excellent,870238,3626,13054,8702,363,3.5,6086,2.3,5.0,70
76,Apartment,Schöneberg,71,3,1948,4,Fair,336623,1403,5049,3366,140,4.35,4741,7.33,5.0,32
77,Apartment,Steglitz-Zehlendorf,73,3,1908,5,Good,581492,2423,8722,5815,242,3.95,7966,-4.93,5.0,114
78,Apartment,Friedrichshain-Kreuzberg,50,3,1993,3,Excellent,191722,799,2876,1917,80,3.82,3834,6.15,5.0,93
79,Apartment,Schöneberg,47,4,1971,3,Good,181202,755,2718,1812,76,4.2,3855,-4.61,5.0,42
80,House,Marzahn-Hellersdorf,133,1,2006,2,Excellent,269600,1123,4044,2696,112,3.47,2027,-2.54,5.0,119
81,Apartment,Charlottenburg-Wilmersdorf,60,4,1971,1,Excellent,500793,2087,7512,5008,209,4.07,8347,7.22,5.0,61
82,Apartment,Mitte,120,4,1924,1,Poor,383761,1599,5756,3838,160,2.71,3198,8.36,5.0,89
83,Apartment,Schöneberg,82,4,1913,1,Good,541536,2256,8123,5415,226,4.48,6604,1.63,5.0,83
84,House,Charlottenburg-Wilmersdorf,145,1,1950,2,Excellent,415572,1732,6234,4156,173,3.83,2866,-2.35,5.0,48
85,House,Schöneberg,96,2,1968,1,Good,664443,2769,9967,6644,277,3.76,6921,8.04,5.0,71
86,House,Mitte,118,4,2008,3,Good,697613,2907,10464,6976,291,3.32,5912,0.19,5.0,73
87,Apartment,Schöneberg,39,3,1925,4,Good,291018,1213,4365,2910,121,2.9,7462,7.46,5.0,71
88,House,Lichtenberg,92,1,1920,5,Fair,730594,3044,10959,7306,304,3.34,7941,-0.16,5.0,112
89,House,Schöneberg,100,3,1971,5,Excellent,368999,1537,5535,3690,154,3.98,3690,3.03,5.0,70
90,Apartment,Neukölln,118,1,1996,1,Excellent,858221,3576,12873,8582,358,3.09,7273,8.06,5.0,83
91,Apartment,Tempelhof-Schöneberg,135,4,1902,4,Fair,1032908,4304,15494,10329,430,3.79,7651,-2.56,5.0,69
92,Apartment,Neukölln,141,3,1980,1,Poor,820316,3418,12305,8203,342,4.48,5818,5.77,5.0,34
93,Apartment,Mitte,91,1,1972,5,Good,621591,2590,9324,6216,259,4.18,6831,0.14,5.0,77
94,Apartment,Charlottenburg-Wilmersdorf,124,4,2015,1,Fair,885565,3690,13283,8856,369,3.63,7142,9.12,5.0,37
95,House,Reinickendorf,86,2,1960,4,Excellent,528022,2200,7920,5280,220,4.44,6140,-3.98,5.0,120
96,Apartment,Reinickendorf,65,1,1939,5,Good,524635,2186,7870,5246,219,2.98,8071,9.37,5.0,97
97,Apartment,Prenzlauer Berg,38,4,1998,1,Poor,63851,266,958,639,27,3.3,1680,-4.52,5.0,89
98,Apartment,Marzahn-Hellersdorf,146,3,1964,3,Poor,573256,2389,8599,5733,239,4.36,3926,-4.51,5.0,48
99,Apartment,Friedrichshain-Kreuzberg,108,1,1944,4,Poor,623492,2598,9352,6235,260,4.5,5773,-1.04,5.0,114
100,Apartment,Reinickendorf,58,4,2000,5,Fair,345605,1440,5184,3456,144,3.47,5959,9.5,5.0,59
101,House,Reinickendorf,138,3,2018,5,Poor,1024501,4269,15368,10245,427,2.8,7424,-3.02,5.0,32
102,Apartment,Marzahn-Hellersdorf,90,4,1930,5,Excellent,793367,3306,11901,7934,331,4.23,8815,3.09,5.0,59
103,House,Mitte,39,1,1983,2,Excellent,134414,560,2016,1344,56,3.19,3447,6.67,5.0,97
104,House,Prenzlauer Berg,91,1,1974,3,Good,536166,2234,8042,5362,223,3.12,5892,-0.95,5.0,68
105,House,Mitte,44,1,1930,4,Excellent,89905,375,1349,899,38,3.12,2043,-2.87,5.01,55
106,House,Spandau,102,2,1926,4,Fair,666265,2776,9994,6663,278,2.67,6532,9.32,5.0,66
107,Apartment,Lichtenberg,83,1,1912,5,Excellent,614714,2561,9221,6147,256,3.46,7406,3.9,5.0,76
108,House,Lichtenberg,61,1,1920,3,Good,312410,1302,4686,3124,130,3.24,5121,-2.52,5.0,73
109,Apartment,Charlottenburg-Wilmersdorf,36,3,1988,5,Good,79082,330,1186,791,33,2.94,2197,-4.25,5.01,45
110,Apartment,Marzahn-Hellersdorf,138,4,1946,3,Fair,1061318,4422,15920,10613,442,2.53,7691,-0.13,5.0,75
111,Apartment,Tempelhof-Schöneberg,54,2,1981,3,Fair,247516,1031,3713,2475,103,4.28,4584,8.42,5.0,112
112,House,Schöneberg,85,4,1935,4,Fair,240411,1002,3606,2404,100,4.02,2828,-0.47,5.0,78
113,House,Neukölln,41,1,1951,4,Poor,232984,971,3495,2330,97,3.53,5683,-0.25,5.0,97
114,House,Marzahn-Hellersdorf,127,2,2006,1,Fair,535658,2232,8035,5357,223,3.4,4218,9.34,5.0,36
115,House,Friedrichshain-Kreuzberg,126,4,1915,2,Poor,1114158,4642,16712,11142,464,4.01,8843,7.37,5.0,67
116,Apartment,Mitte,140,1,2021,5,Fair,938929,3912,14084,9389,391,3.1,6707,4.19,5.0,63
117,Apartment,Treptow-Köpenick,81,3,1988,3,Fair,657944,2741,9869,6579,274,3.5,8123,-0.56,5.0,40
118,Apartment,Treptow-Köpenick,104,1,1958,2,Good,418046,1742,6271,4180,174,3.07,4020,4.38,5.0,60
119,House,Friedrichshain-Kreuzberg,137,3,1978,2,Fair,298631,1244,4479,2986,124,3.49,2180,9.13,5.0,47
120,Apartment,Prenzlauer Berg,35,3,1909,1,Good,205798,857,3087,2058,86,4.47,5880,4.58,5.0,109
121,Apartment,Treptow-Köpenick,61,2,1900,5,Fair,160309,668,2405,1603,67,3.39,2628,-4.75,5.0,98
122,House,Friedrichshain-Kreuzberg,99,2,1959,2,Excellent,475831,1983,7137,4758,198,4.04,4806,1.68,5.0,88
123,House,Friedrichshain-Kreuzberg,93,2,1978,3,Good,349714,1457,5246,3497,146,2.66,3760,2.21,5.0,56
124,Apartment,Mitte,123,1,1952,2,Poor,577646,2407,8665,5776,241,2.83,4696,-1.41,5.0,107
125,House,Reinickendorf,49,3,1985,1,Excellent,427049,1779,6406,4270,178,3.42,8715,5.4,5.0,31
126,Apartment,Mitte,78,3,1908,3,Fair,298340,1243,4475,2983,124,3.97,3825,5.85,5.0,39
127,Apartment,Charlottenburg-Wilmersdorf,53,3,1952,4,Good,391886,1633,5878,3919,163,4.1,7394,3.47,5.0,80
128,Apartment,Mitte,79,2,1909,3,Fair,169261,705,2539,1693,70,3.29,2143,-1.57,5.0,113
129,Apartment,Friedrichshain-Kreuzberg,122,4,1984,3,Good,829153,3455,12437,8292,346,3.95,6796,-3.81,5.0,101
130,House,Marzahn-Hellersdorf,141,2,1934,2,Poor,1213234,5055,18199,12132,506,2.6,8604,9.81,5.0,119
131,House,Charlottenburg-Wilmersdorf,105,3,1908,1,Good,915774,3816,13737,9158,382,3.1,8722,4.44,5.0,30
132,House,Schöneberg,107,1,1980,5,Excellent,604913,2520,9074,6049,252,3.78,5653,-2.42,5.0,104
133,Apartment,Reinickendorf,54,3,1992,2,Fair,393135,1638,5897,3931,164,3.62,7280,6.22,5.0,60
134,Apartment,Tempelhof-Schöneberg,103,3,1903,5,Poor,610142,2542,9152,6101,254,3.59,5924,2.52,5.0,74
135,Apartment,Mitte,63,4,1930,2,Good,223447,931,3352,2234,93,4.24,3547,3.98,5.0,82
136,Apartment,Charlottenburg-Wilmersdorf,148,4,1950,1,Good,880090,3667,13201,8801,367,2.52,5947,3.03,5.0,76
137,Apartment,Charlottenburg-Wilmersdorf,56,3,2011,2,Fair,209498,873,3142,2095,87,2.69,3741,-3.14,5.0,66
138,House,Tempelhof-Schöneberg,57,3,1901,5,Fair,410369,1710,6156,4104,171,3.83,7199,-1.36,5.0,30
139,House,Schöneberg,97,4,1924,4,Poor,215076,896,3226,2151,90,2.88,2217,-2.02,5.0,62
140,House,Marzahn-Hellersdorf,114,1,1923,5,Fair,805147,3355,12077,8051,336,4.01,7063,1.39,5.0,86
141,House,Steglitz-Zehlendorf,69,2,1936,4,Fair,444931,1854,6674,4449,185,4.29,6448,4.63,5.0,77
142,House,Spandau,148,3,2023,5,Fair,965942,4025,14489,9659,402,3.88,6527,5.86,5.0,49
143,House,Marzahn-Hellersdorf,102,4,2006,4,Fair,472294,1968,7084,4723,197,2.79,4630,8.05,5.0,112
144,House,Charlottenburg-Wilmersdorf,140,4,1924,5,Poor,410304,1710,6155,4103,171,2.63,2931,7.3,5.0,52
145,House,Steglitz-Zehlendorf,63,3,2017,3,Excellent,197170,822,2958,1972,82,3.63,3130,2.03,5.0,109
146,Apartment,Lichtenberg,84,2,1992,1,Poor,358108,1492,5372,3581,149,3.8,4263,7.01,5.0,115
147,Apartment,Schöneberg,146,1,1914,4,Poor,1214707,5061,18221,12147,506,3.57,8320,6.18,5.0,57
148,House,Mitte,42,2,1951,5,Fair,146760,612,2201,1468,61,4.2,3494,0.05,5.0,30
149,Apartment,Schöneberg,138,2,1977,2,Fair,404828,1687,6072,4048,169,4.03,2934,3.46,5.0,53
150,House,Friedrichshain-Kreuzberg,35,2,1996,3,Excellent,267775,1116,4017,2678,112,3.69,7651,2.27,5.0,73
151,Apartment,Friedrichshain-Kreuzberg,41,3,1960,2,Excellent,138825,578,2082,1388,58,4.17,3386,6.89,5.0,100
152,Apartment,Tempelhof-Schöneberg,139,1,2007,3,Good,1162488,4844,17437,11625,484,3.28,8363,-2.09,5.0,65
153,House,Friedrichshain-Kreuzberg,111,2,1961,1,Good,937251,3905,14059,9373,390,2.57,8444,3.81,5.0,43
154,Apartment,Reinickendorf,150,2,1982,2,Poor,1219377,5081,18291,12194,508,3.39,8129,3.48,5.0,118
155,House,Neukölln,137,3,2004,3,Poor,616167,2567,9243,6162,257,2.97,4498,0.97,5.0,42
156,Apartment,Charlottenburg-Wilmersdorf,97,3,1979,1,Excellent,234661,978,3520,2347,98,2.85,2419,3.02,5.0,109
157,House,Friedrichshain-Kreuzberg,41,2,1904,2,Good,237151,988,3557,2372,99,3.99,5784,1.98,5.0,73
158,House,Charlottenburg-Wilmersdorf,105,2,1965,5,Excellent,759871,3166,11398,7599,317,4.43,7237,-4.65,5.0,61
159,Apartment,Mitte,144,2,1982,2,Poor,348294,1451,5224,3483,145,2.56,2419,3.99,5.0,97
160,House,Prenzlauer Berg,125,2,1926,1,Poor,956772,3987,14352,9568,399,2.8,7654,-1.63,5.0,47
161,House,Spandau,136,2,1983,1,Excellent,927463,3864,13912,9275,386,4.16,6820,3.52,5.0,111
162,Apartment,Steglitz-Zehlendorf,54,3,1902,3,Excellent,288717,1203,4331,2887,120,3.88,5347,5.66,5.0,93
163,House,Mitte,116,4,1974,5,Poor,932590,3886,13989,9326,389,2.77,8040,-0.28,5.0,102
164,House,Tempelhof-Schöneberg,54,4,1955,2,Good,226973,946,3405,2270,95,2.6,4203,3.08,5.0,55
165,House,Marzahn-Hellersdorf,128,4,2012,4,Good,540939,2254,8114,5409,225,2.95,4226,8.74,5.0,118
166,House,Treptow-Köpenick,148,4,1955,1,Fair,1117939,4658,16769,11179,466,3.48,7554,7.9,5.0,118
167,Apartment,Charlottenburg-Wilmersdorf,59,4,1932,3,Good,254953,1062,3824,2550,106,2.92,4321,4.0,5.0,83
168,House,Steglitz-Zehlendorf,118,1,1968,4,Poor,824432,3435,12366,8244,344,3.25,6987,6.02,5.0,37
169,House,Lichtenberg,33,1,2023,1,Poor,261778,1091,3927,2618,109,3.31,7933,-1.82,5.0,39
170,Apartment,Reinickendorf,111,4,2001,5,Excellent,559524,2331,8393,5595,233,3.82,5041,6.31,5.0,69
171,House,Steglitz-Zehlendorf,44,4,1926,3,Fair,323036,1346,4846,3230,135,2.7,7342,0.98,5.0,49
172,House,Treptow-Köpenick,46,4,2012,3,Poor,330430,1377,4956,3304,138,3.42,7183,4.44,5.0,120
173,House,Prenzlauer Berg,71,2,1924,5,Good,431480,1798,6472,4315,180,2.93,6077,6.36,5.0,40
174,Apartment,Friedrichshain-Kreuzberg,86,4,1987,3,Fair,484680,2020,7270,4847,202,3.61,5636,-3.98,5.0,63
175,Apartment,Spandau,38,1,1973,5,Poor,319685,1332,4795,3197,133,3.11,8413,-2.87,5.0,75
176,Apartment,Prenzlauer Berg,142,2,1987,5,Poor,258085,1075,3871,2581,108,2.58,1818,-1.41,5.0,94
177,Apartment,Neukölln,49,1,2019,5,Excellent,283017,1179,4245,2830,118,3.32,5776,2.48,5.0,119
178,House,Schöneberg,69,3,1900,1,Good,392248,1634,5884,3922,163,3.01,5685,6.29,5.0,69
179,Apartment,Marzahn-Hellersdorf,34,2,1987,3,Fair,297042,1238,4456,2970,124,3.72,8737,2.45,5.0,85
180,House,Neukölln,50,3,1922,3,Good,277139,1155,4157,2771,116,3.05,5543,-0.05,5.0,112
181,House,Tempelhof-Schöneberg,89,3,1914,3,Fair,335681,1399,5035,3357,140,2.66,3772,1.37,5.0,99
182,House,Neukölln,91,3,1931,1,Fair,322148,1342,4832,3221,134,3.91,3540,-4.67,5.0,114
183,House,Spandau,52,3,1984,3,Excellent,264224,1101,3963,2642,110,3.64,5081,-1.62,5.0,48
184,Apartment,Friedrichshain-Kreuzberg,61,3,1922,5,Good,361977,1508,5430,3620,151,3.64,5934,8.85,5.0,63
185,House,Marzahn-Hellersdorf,87,2,1987,3,Fair,421976,1758,6330,4220,176,2.52,4850,7.44,5.0,67
186,Apartment,Reinickendorf,59,3,1955,2,Fair,358454,1494,5377,3585,149,4.02,6075,-0.09,5.0,33
187,Apartment,Spandau,133,2,1993,4,Good,1136862,4737,17053,11369,474,3.98,8548,-3.53,5.0,87
188,House,Spandau,40,3,1913,2,Poor,79319,330,1190,793,33,3.73,1983,-3.23,4.99,108
189,Apartment,Neukölln,89,2,1996,1,Good,779232,3247,11688,7792,325,3.32,8755,4.06,5.0,86
190,Apartment,Reinickendorf,132,2,1964,1,Excellent,406614,1694,6099,4066,169,4.09,3080,3.12,5.0,107
191,Apartment,Spandau,150,4,1957,1,Fair,1084507,4519,16268,10845,452,2.75,7230,9.67,5.0,30
192,Apartment,Friedrichshain-Kreuzberg,117,1,1943,2,Excellent,500843,2087,7513,5008,209,3.4,4281,9.07,5.0,69
193,Apartment,Mitte,75,1,2000,4,Poor,130187,542,1953,1302,54,3.85,1736,-4.94,5.0,54
194,House,Charlottenburg-Wilmersdorf,150,4,1988,3,Good,1166563,4861,17498,11666,486,4.01,7777,-2.56,5.0,42
195,Apartment,Tempelhof-Schöneberg,97,4,1929,1,Good,249104,1038,3737,2491,104,3.54,2568,3.34,5.0,86
196,Apartment,Tempelhof-Schöneberg,73,4,1941,4,Good,591472,2464,8872,5915,246,2.95,8102,7.54,5.0,57
197,Apartment,Lichtenberg,123,3,1919,3,Excellent,774810,3228,11622,7748,323,4.27,6299,0.72,5.0,69
198,House,Tempelhof-Schöneberg,122,3,1938,1,Excellent,999702,4165,14996,9997,416,3.97,8194,-4.77,5.0,49
199,House,Friedrichshain-Kreuzberg,138,2,1933,2,Poor,693881,2891,10408,6939,289,4.36,5028,5.9,5.0,112
200,Apartment,Lichtenberg,54,1,1939,4,Excellent,268600,1119,4029,2686,112,3.96,4974,2.88,5.0,92
201,House,Tempelhof-Schöneberg,149,2,1924,4,Fair,916082,3817,13741,9161,382,3.11,6148,9.76,5.0,69
202,Apartment,Steglitz-Zehlendorf,113,4,1945,4,Poor,946542,3944,14198,9465,394,4.36,8376,6.9,5.0,40
203,House,Spandau,72,2,1997,1,Good,637740,2657,9566,6377,266,3.63,8858,-4.86,5.0,112
204,Apartment,Treptow-Köpenick,137,3,1949,5,Excellent,1083629,4515,16254,10836,452,4.24,7910,5.29,5.0,65
205,House,Prenzlauer Berg,69,2,2008,3,Good,390209,1626,5853,3902,163,2.71,5655,8.17,5.0,50
206,Apartment,Charlottenburg-Wilmersdorf,47,3,1944,5,Good,262971,1096,3945,2630,110,3.15,5595,0.32,5.0,101
207,House,Treptow-Köpenick,150,2,2021,3,Fair,1290348,5376,19355,12903,538,3.76,8602,1.56,5.0,68
208,House,Lichtenberg,50,1,1949,5,Good,403096,1680,6046,4031,168,3.26,8062,3.08,5.0,106
209,Apartment,Charlottenburg-Wilmersdorf,97,2,1922,4,Fair,791071,3296,11866,7911,330,4.13,8155,0.58,5.0,98
210,House,Friedrichshain-Kreuzberg,134,3,1943,3,Excellent,375672,1565,5635,3757,156,4.13,2804,2.95,5.0,61
211,Apartment,Reinickendorf,144,1,1995,4,Poor,1195502,4981,17933,11955,498,3.67,8302,8.41,5.0,30
212,House,Schöneberg,46,4,1979,5,Fair,138466,577,2077,1385,58,3.23,3010,1.0,5.0,110
213,House,Mitte,93,1,2014,4,Fair,338811,1412,5082,3388,141,4.5,3643,8.61,5.0,30
214,Apartment,Lichtenberg,85,2,2020,1,Poor,284355,1185,4265,2844,118,3.46,3345,7.19,5.0,102
215,Apartment,Neukölln,125,3,1989,1,Fair,299219,1247,4488,2992,125,4.04,2394,8.51,5.0,101
216,Apartment,Friedrichshain-Kreuzberg,57,2,1992,5,Good,266693,1111,4000,2667,111,2.57,4679,4.86,5.0,66
217,House,Charlottenburg-Wilmersdorf,121,4,1931,2,Poor,702761,2928,10541,7028,293,2.56,5808,2.95,5.0,42
218,Apartment,Spandau,121,3,1944,2,Fair,772195,3217,11583,7722,322,3.17,6382,5.19,5.0,94
219,House,Lichtenberg,58,1,1932,1,Poor,204725,853,3071,2047,85,4.3,3530,-0.72,5.0,32
220,House,Treptow-Köpenick,80,3,2002,2,Excellent,338047,1409,5071,3380,141,4.13,4226,1.71,5.0,50
221,House,Schöneberg,136,1,1974,5,Fair,911499,3798,13672,9115,380,3.31,6702,3.65,5.0,110
222,House,Reinickendorf,96,2,1965,5,Excellent,329014,1371,4935,3290,137,2.89,3427,-1.09,5.0,112
223,Apartment,Charlottenburg-Wilmersdorf,49,2,2013,1,Fair,349516,1456,5243,3495,146,2.89,7133,3.1,5.0,52
224,Apartment,Friedrichshain-Kreuzberg,143,1,2018,3,Good,987660,4115,14815,9877,412,4.03,6907,8.36,5.0,113
225,Apartment,Charlottenburg-Wilmersdorf,59,2,1979,4,Fair,512748,2136,7691,5127,214,3.17,8691,1.13,5.0,66
226,House,Tempelhof-Schöneberg,39,1,2013,2,Poor,320574,1336,4809,3206,134,3.43,8220,-0.56,5.0,116
227,House,Friedrichshain-Kreuzberg,129,4,1947,4,Poor,880917,3670,13214,8809,367,3.57,6829,7.58,5.0,102
228,Apartment,Mitte,104,2,1981,1,Excellent,277419,1156,4161,2774,116,4.47,2667,5.74,5.0,64
229,House,Marzahn-Hellersdorf,129,1,1941,5,Poor,541492,2256,8122,5415,226,3.03,4198,-2.04,5.0,69
230,Apartment,Prenzlauer Berg,142,4,1988,1,Fair,886238,3693,13294,8862,369,3.54,6241,2.1,5.0,40
231,House,Marzahn-Hellersdorf,91,1,1986,1,Excellent,536995,2237,8055,5370,224,3.57,5901,4.71,5.0,51
232,House,Reinickendorf,109,1,2011,3,Poor,337229,1405,5058,3372,140,2.59,3094,6.21,5.0,48
233,House,Schöneberg,60,4,2003,3,Good,132599,552,1989,1326,55,4.12,2210,8.94,5.0,38
234,House,Friedrichshain-Kreuzberg,100,3,1921,5,Good,588708,2453,8831,5887,245,2.78,5887,0.27,5.0,61
235,House,Spandau,50,4,1965,2,Good,91727,382,1376,917,38,4.14,1835,-0.65,5.0,31
236,Apartment,Tempelhof-Schöneberg,54,2,1940,1,Excellent,221325,922,3320,2213,92,4.12,4099,4.44,5.0,80
237,House,Schöneberg,144,2,1952,3,Excellent,1036069,4317,15541,10361,432,3.1,7195,-1.39,5.0,41
238,House,Tempelhof-Schöneberg,92,1,1918,5,Excellent,519375,2164,7791,5194,216,2.75,5645,-4.96,5.0,99
239,Apartment,Treptow-Köpenick,34,3,1969,4,Fair,204094,850,3061,2041,85,3.22,6003,0.73,5.0,41
240,Apartment,Reinickendorf,88,1,1914,3,Good,429803,1791,6447,4298,179,3.09,4884,-4.26,5.0,48
241,House,Treptow-Köpenick,58,2,1983,5,Poor,465899,1941,6988,4659,194,4.26,8033,-2.25,5.0,97
242,House,Steglitz-Zehlendorf,118,3,2012,5,Excellent,1001352,4172,15020,10014,417,4.1,8486,7.85,5.0,39
243,House,Charlottenburg-Wilmersdorf,90,3,1919,1,Fair,587288,2447,8809,5873,245,4.25,6525,-0.4,5.0,33
244,House,Steglitz-Zehlendorf,130,2,1985,5,Poor,871066,3629,13066,8711,363,3.15,6701,4.7,5.0,116
245,House,Schöneberg,90,2,1930,3,Excellent,575926,2400,8639,5759,240,2.5,6399,1.46,5.0,116
246,Apartment,Reinickendorf,142,3,2011,2,Good,317619,1323,4764,3176,132,2.58,2237,-3.71,5.0,36
247,House,Schöneberg,126,3,2000,5,Excellent,564239,2351,8464,5642,235,3.84,4478,3.97,5.0,109
248,Apartment,Treptow-Köpenick,96,1,1953,2,Poor,767965,3200,11519,7680,320,3.52,8000,-4.48,5.0,95
249,Apartment,Treptow-Köpenick,135,4,1983,1,Excellent,942081,3925,14131,9421,392,3.56,6978,1.02,5.0,91
250,House,Prenzlauer Berg,142,1,1942,2,Poor,420173,1751,6303,4202,175,3.49,2959,-3.99,5.0,104
251,Apartment,Friedrichshain-Kreuzberg,144,2,2009,2,Fair,673915,2808,10109,6739,281,4.35,4680,9.16,5.0,65
252,House,Steglitz-Zehlendorf,117,2,1953,5,Poor,697992,2908,10470,6980,291,2.52,5966,9.35,5.0,42
253,House,Mitte,87,3,2019,1,Poor,229510,956,3443,2295,96,3.01,2638,7.47,5.0,100
254,House,Spandau,64,3,1904,2,Fair,190108,792,2852,1901,79,3.7,2970,9.11,5.0,30
255,Apartment,Mitte,100,4,1965,2,Poor,208750,870,3131,2088,87,3.73,2088,-0.96,5.0,57
256,House,Spandau,40,1,1919,5,Fair,283623,1182,4254,2836,118,2.63,7091,8.88,5.0,71
257,Apartment,Treptow-Köpenick,139,1,1910,4,Poor,679952,2833,10199,6800,283,3.85,4892,2.72,5.0,106
258,House,Spandau,74,2,1952,1,Poor,183469,764,2752,1835,76,2.76,2479,0.26,5.0,117
259,House,Treptow-Köpenick,114,2,1933,4,Poor,431552,1798,6473,4316,180,2.76,3786,-3.47,5.0,86
260,Apartment,Prenzlauer Berg,42,3,1998,3,Good,109966,458,1649,1100,46,3.25,2618,0.23,5.0,110
261,Apartment,Spandau,111,1,1929,3,Poor,461767,1924,6927,4618,192,3.9,4160,7.81,5.0,33
262,House,Prenzlauer Berg,35,4,1991,2,Fair,222990,929,3345,2230,93,2.95,6371,2.38,5.0,56
263,Apartment,Reinickendorf,58,1,1950,5,Fair,412339,1718,6185,4123,172,4.23,7109,5.25,5.0,119
264,Apartment,Neukölln,77,3,1941,5,Poor,619137,2580,9287,6191,258,4.35,8041,-4.26,5.0,40
265,Apartment,Marzahn-Hellersdorf,133,3,1909,2,Excellent,1137565,4740,17063,11376,474,3.79,8553,0.34,5.0,81
266,House,Friedrichshain-Kreuzberg,140,3,1939,5,Fair,576550,2402,8648,5766,240,3.03,4118,0.45,5.0,60
267,Apartment,Tempelhof-Schöneberg,107,3,1958,2,Fair,831669,3465,12475,8317,346,2.52,7773,-2.73,5.0,56
268,House,Reinickendorf,137,1,1954,1,Good,476290,1985,7144,4763,198,3.75,3477,7.74,5.0,105
269,House,Schöneberg,105,1,1986,5,Excellent,818596,3411,12279,8186,341,3.49,7796,4.83,5.0,95
270,Apartment,Friedrichshain-Kreuzberg,82,2,2009,5,Poor,287029,1196,4305,2870,120,2.73,3500,-0.28,5.0,66
271,Apartment,Reinickendorf,79,3,1903,5,Good,274745,1145,4121,2747,114,2.77,3478,-3.71,5.0,70
272,House,Treptow-Köpenick,38,4,1981,2,Poor,110298,460,1654,1103,46,3.8,2903,-0.34,5.0,75
273,House,Marzahn-Hellersdorf,105,1,1994,3,Poor,817988,3408,12270,8180,341,3.99,7790,2.75,5.0,105
274,Apartment,Mitte,129,3,1927,3,Poor,924583,3852,13869,9246,385,4.14,7167,7.38,5.0,86
275,House,Tempelhof-Schöneberg,45,4,1962,3,Poor,217324,906,3260,2173,91,2.64,4829,6.04,5.0,114
276,House,Tempelhof-Schöneberg,146,2,2002,2,Good,423384,1764,6351,4234,176,2.78,2900,0.34,5.0,95
277,House,Schöneberg,45,3,1985,3,Excellent,152260,634,2284,1523,63,2.76,3384,1.04,5.0,111
278,House,Treptow-Köpenick,142,1,1993,2,Poor,662959,2762,9944,6630,276,3.72,4669,-2.44,5.0,65
279,House,Prenzlauer Berg,103,2,1935,5,Poor,912850,3804,13693,9128,380,4.49,8863,-4.43,5.0,56
280,House,Lichtenberg,60,3,2021,4,Good,299835,1249,4498,2998,125,3.18,4997,4.95,5.0,37
281,House,Friedrichshain-Kreuzberg,95,1,1919,1,Fair,511438,2131,7672,5114,213,4.24,5384,9.21,5.0,89
282,House,Mitte,111,1,1932,1,Fair,715944,2983,10739,7159,298,3.5,6450,6.89,5.0,55
283,Apartment,Lichtenberg,87,1,2000,1,Good,198974,829,2985,1990,83,3.82,2287,-2.72,5.0,58
284,Apartment,Friedrichshain-Kreuzberg,112,3,1958,2,Poor,339949,1416,5099,3399,142,2.89,3035,5.74,5.0,94
285,House,Treptow-Köpenick,119,2,1952,3,Good,731135,3046,10967,7311,305,2.61,6144,7.4,5.0,30
286,Apartment,Treptow-Köpenick,83,1,1982,4,Poor,514879,2145,7723,5149,214,4.05,6203,1.09,5.0,100
287,House,Neukölln,34,4,1970,1,Poor,281885,1175,4228,2819,118,4.27,8291,1.14,5.0,33
288,House,Spandau,135,2,1974,3,Good,499832,2083,7497,4998,208,3.58,3702,2.62,5.0,74
289,House,Spandau,98,4,1964,4,Fair,280380,1168,4206,2804,117,2.51,2861,0.95,5.0,83
290,Apartment,Mitte,64,3,1927,5,Excellent,317677,1324,4765,3177,132,3.19,4964,0.88,5.0,38
291,Apartment,Reinickendorf,65,1,1936,1,Excellent,347144,1446,5207,3471,145,4.16,5341,-2.23,5.0,49
292,House,Spandau,47,2,1958,1,Fair,83812,349,1257,838,35,3.19,1783,-2.07,5.0,67
293,House,Lichtenberg,116,3,1992,3,Poor,404464,1685,6067,4045,168,3.96,3487,7.33,5.0,109
294,Apartment,Tempelhof-Schöneberg,150,2,1922,4,Poor,1160992,4837,17415,11610,484,2.79,7740,0.43,5.0,115
295,Apartment,Spandau,124,4,1925,2,Poor,510591,2127,7659,5106,213,3.02,4118,2.22,5.0,107
296,Apartment,Tempelhof-Schöneberg,131,2,1942,2,Excellent,1010284,4210,15154,10103,421,3.23,7712,-1.47,5.0,51
297,Apartment,Schöneberg,36,1,1939,1,Excellent,242762,1012,3641,2428,101,3.31,6743,-2.5,5.0,89
298,House,Schöneberg,54,1,1939,3,Excellent,151350,631,2270,1514,63,4.04,2803,-1.37,5.0,59
299,Apartment,Mitte,64,1,2000,5,Good,565862,2358,8488,5659,236,4.02,8842,8.96,5.0,46
300,House,Reinickendorf,33,3,2012,5,Good,175981,733,2640,1760,73,3.23,5333,6.28,5.0,100
301,Apartment,Tempelhof-Schöneberg,119,4,1988,5,Excellent,716137,2984,10742,7161,298,3.14,6018,-4.99,5.0,42
302,Apartment,Marzahn-Hellersdorf,126,4,1908,4,Poor,394059,1642,5911,3941,164,2.63,3127,3.23,5.0,88
303,Apartment,Reinickendorf,109,2,1927,4,Fair,897059,3738,13456,8971,374,4.16,8230,-0.3,5.0,89
304,Apartment,Reinickendorf,98,4,1998,3,Fair,431091,1796,6466,4311,180,3.45,4399,2.33,5.0,41
305,Apartment,Treptow-Köpenick,72,3,1999,4,Excellent,310080,1292,4651,3101,129,3.64,4307,9.0,5.0,110
306,Apartment,Lichtenberg,52,2,1911,2,Poor,408316,1701,6125,4083,170,3.14,7852,5.29,5.0,51
307,Apartment,Treptow-Köpenick,59,2,1997,3,Poor,355262,1480,5329,3553,148,2.53,6021,3.94,5.0,88
308,House,Neukölln,90,3,1959,1,Excellent,190851,795,2863,1909,80,2.54,2121,4.46,5.0,96
309,Apartment,Steglitz-Zehlendorf,63,3,1915,4,Excellent,401250,1672,6019,4012,167,3.89,6369,-3.86,5.0,108
310,Apartment,Reinickendorf,114,3,1902,3,Good,237210,988,3558,2372,99,2.57,2081,2.8,5.0,108
311,Apartment,Tempelhof-Schöneberg,136,2,2023,3,Good,899442,3748,13492,8994,375,3.63,6614,8.61,5.0,114
312,Apartment,Steglitz-Zehlendorf,52,2,1971,5,Poor,243603,1015,3654,2436,102,4.34,4685,2.8,5.0,46
313,Apartment,Spandau,46,2,2019,2,Excellent,279982,1167,4200,2800,117,3.17,6087,-2.68,5.0,52
314,House,Steglitz-Zehlendorf,97,4,1950,4,Excellent,337537,1406,5063,3375,141,3.56,3480,-4.52,5.0,104
315,Apartment,Schöneberg,119,3,2015,1,Excellent,502315,2093,7535,5023,209,3.77,4221,4.49,5.0,114
316,House,Charlottenburg-Wilmersdorf,70,4,2005,3,Good,148248,618,2224,1482,62,3.48,2118,2.82,5.0,111
317,Apartment,Treptow-Köpenick,35,4,2002,5,Poor,116417,485,1746,1164,48,2.95,3326,6.8,5.0,82
318,House,Charlottenburg-Wilmersdorf,83,3,1908,1,Fair,288519,1202,4328,2885,120,3.22,3476,5.52,5.0,113
319,Apartment,Spandau,85,3,1930,3,Good,177562,740,2663,1776,74,3.42,2089,8.02,5.0,35
320,Apartment,Mitte,51,2,1978,5,Good,258154,1076,3872,2582,108,2.85,5062,9.2,5.0,97
321,House,Marzahn-Hellersdorf,30,2,1932,5,Good,82920,346,1244,829,35,3.74,2764,5.15,5.01,66
322,Apartment,Marzahn-Hellersdorf,112,2,1944,3,Good,339315,1414,5090,3393,141,3.07,3030,7.1,5.0,34
323,Apartment,Treptow-Köpenick,47,2,1962,5,Fair,318652,1328,4780,3187,133,3.39,6780,9.56,5.0,60
324,House,Charlottenburg-Wilmersdorf,70,1,1989,1,Fair,611578,2548,9174,6116,255,3.73,8737,-3.55,5.0,119
325,Apartment,Prenzlauer Berg,54,4,1928,4,Fair,116830,487,1752,1168,49,3.77,2164,4.44,5.0,31
326,Apartment,Tempelhof-Schöneberg,92,4,2010,4,Excellent,653925,2725,9809,6539,272,4.27,7108,3.77,5.0,31
327,Apartment,Prenzlauer Berg,47,1,1994,4,Good,264926,1104,3974,2649,110,3.56,5637,4.84,5.0,80
328,Apartment,Tempelhof-Schöneberg,45,4,2016,1,Poor,101144,421,1517,1011,42,3.25,2248,-2.13,4.99,119
329,Apartment,Friedrichshain-Kreuzberg,112,3,1938,5,Excellent,301447,1256,4522,3014,126,2.88,2691,9.03,5.0,68
330,Apartment,Charlottenburg-Wilmersdorf,137,2,1919,1,Fair,514575,2144,7719,5146,214,3.16,3756,8.78,5.0,68
331,House,Schöneberg,80,2,1935,1,Excellent,540412,2252,8106,5404,225,4.4,6755,0.83,5.0,54
332,House,Spandau,135,4,1902,4,Good,317136,1321,4757,3171,132,3.83,2349,7.81,5.0,47
333,Apartment,Marzahn-Hellersdorf,148,4,1978,2,Fair,332396,1385,4986,3324,138,2.67,2246,6.16,5.0,79
334,Apartment,Neukölln,67,4,2017,5,Excellent,214876,895,3223,2149,90,3.12,3207,3.58,5.0,52
335,Apartment,Spandau,60,3,1920,1,Good,285718,1190,4286,2857,119,3.28,4762,9.81,5.0,46
336,Apartment,Treptow-Köpenick,50,2,1977,2,Good,173078,721,2596,1731,72,4.07,3462,-0.86,5.0,87
337,House,Treptow-Köpenick,52,4,1963,4,Excellent,445753,1857,6686,4458,186,3.93,8572,5.64,5.0,53
338,House,Tempelhof-Schöneberg,137,1,1917,2,Poor,612032,2550,9180,6120,255,3.84,4467,4.76,5.0,53
339,Apartment,Tempelhof-Schöneberg,142,3,2005,2,Poor,874415,3643,13116,8744,364,4.4,6158,2.38,5.0,111
340,Apartment,Prenzlauer Berg,118,2,1928,4,Fair,795989,3317,11940,7960,332,4.16,6746,6.81,5.0,84
341,House,Charlottenburg-Wilmersdorf,75,1,2018,1,Good,361772,1507,5427,3618,151,3.68,4824,-2.33,5.0,87
342,Apartment,Spandau,52,4,1997,1,Poor,161576,673,2424,1616,67,3.69,3107,1.99,5.0,119
343,House,Tempelhof-Schöneberg,143,2,1961,5,Poor,1088686,4536,16330,10887,454,3.73,7613,-1.78,5.0,77
344,Apartment,Tempelhof-Schöneberg,89,2,1970,5,Fair,672501,2802,10088,6725,280,3.47,7556,2.33,5.0,51
345,Apartment,Neukölln,47,3,2007,4,Excellent,329017,1371,4935,3290,137,4.14,7000,-1.95,5.0,38
346,Apartment,Neukölln,139,2,1904,2,Excellent,1201153,5005,18017,12012,500,3.66,8641,2.76,5.0,120
347,House,Marzahn-Hellersdorf,84,3,1949,5,Poor,652240,2718,9784,6522,272,3.57,7765,6.2,5.0,87
348,House,Prenzlauer Berg,77,2,1920,1,Excellent,595488,2481,8932,5955,248,2.67,7734,2.29,5.0,74
349,House,Friedrichshain-Kreuzberg,56,2,1912,5,Good,194835,812,2923,1948,81,2.62,3479,6.79,5.0,106
350,House,Schöneberg,82,4,1925,4,Poor,211929,883,3179,2119,88,3.48,2584,7.37,5.0,41
351,House,Mitte,121,4,1909,4,Good,486308,2026,7295,4863,203,3.87,4019,-2.61,5.0,70
352,House,Marzahn-Hellersdorf,55,4,1991,2,Fair,421298,1755,6319,4213,176,3.76,7660,9.68,5.0,111
353,Apartment,Marzahn-Hellersdorf,95,4,1993,1,Fair,460891,1920,6913,4609,192,2.78,4851,-3.18,5.0,85
354,Apartment,Marzahn-Hellersdorf,36,1,1919,1,Excellent,156107,650,2342,1561,65,2.87,4336,7.36,5.0,82
355,House,Treptow-Köpenick,97,2,1961,1,Good,247860,1033,3718,2479,103,2.51,2555,7.65,5.0,36
356,Apartment,Mitte,65,3,1969,1,Good,224446,935,3367,2244,94,2.56,3453,5.29,5.0,43
357,House,Steglitz-Zehlendorf,131,1,1914,4,Excellent,1131053,4713,16966,11311,471,2.69,8634,6.0,5.0,65
358,House,Mitte,62,4,1977,4,Excellent,187379,781,2811,1874,78,3.05,3022,8.78,5.0,34
359,House,Friedrichshain-Kreuzberg,142,4,1943,5,Excellent,514769,2145,7722,5148,214,3.58,3625,-3.09,5.0,32
360,Apartment,Spandau,75,2,1968,1,Good,237823,991,3567,2378,99,4.0,3171,8.91,5.0,109
361,Apartment,Charlottenburg-Wilmersdorf,93,2,1969,4,Fair,298539,1244,4478,2985,124,2.57,3210,-0.39,5.0,100
362,Apartment,Neukölln,107,2,1972,3,Good,258601,1078,3879,2586,108,3.05,2417,3.36,5.0,109
363,Apartment,Friedrichshain-Kreuzberg,86,2,1984,1,Poor,398516,1660,5978,3985,166,2.61,4634,-2.33,5.0,100
364,House,Reinickendorf,56,1,1948,2,Fair,309788,1291,4647,3098,129,2.9,5532,8.21,5.0,113
365,House,Treptow-Köpenick,79,1,1970,3,Excellent,520488,2169,7807,5205,217,3.02,6588,0.25,5.0,95
366,Apartment,Tempelhof-Schöneberg,63,1,1981,2,Fair,494637,2061,7420,4946,206,3.67,7851,7.12,5.0,109
367,House,Schöneberg,130,4,2003,1,Fair,554103,2309,8312,5541,231,2.64,4262,1.51,5.0,41
368,Apartment,Steglitz-Zehlendorf,142,1,1970,4,Excellent,308533,1286,4628,3085,129,3.69,2173,8.74,5.0,112
369,House,Marzahn-Hellersdorf,122,2,2022,4,Good,575218,2397,8628,5752,240,2.93,4715,5.06,5.0,34
370,Apartment,Neukölln,90,1,1937,4,Good,574368,2393,8616,5744,239,4.47,6382,-3.38,5.0,79
371,House,Neukölln,106,4,1956,5,Good,924097,3850,13861,9241,385,3.23,8718,8.41,5.0,68
372,House,Treptow-Köpenick,113,2,1957,5,Good,316212,1318,4743,3162,132,3.48,2798,6.67,5.0,94
373,House,Reinickendorf,35,3,1976,1,Fair,290989,1212,4365,2910,121,3.25,8314,0.62,5.0,62
374,House,Treptow-Köpenick,80,1,2022,4,Fair,186147,776,2792,1861,78,4.07,2327,-3.81,5.0,92
375,House,Lichtenberg,144,4,1944,5,Fair,295202,1230,4428,2952,123,2.8,2050,6.26,5.0,47
376,Apartment,Neukölln,104,1,2004,4,Poor,607277,2530,9109,6073,253,3.61,5839,-2.52,5.0,79
377,Apartment,Charlottenburg-Wilmersdorf,100,3,2012,3,Fair,387400,1614,5811,3874,161,3.22,3874,0.71,5.0,111
378,House,Marzahn-Hellersdorf,52,2,1931,4,Poor,142408,593,2136,1424,59,3.59,2739,0.0,5.0,112
379,House,Schöneberg,109,4,1994,3,Poor,894632,3728,13419,8946,373,3.93,8208,6.03,5.0,98
380,Apartment,Treptow-Köpenick,62,3,1926,4,Fair,157272,655,2359,1573,66,2.85,2537,8.71,5.0,67
381,Apartment,Schöneberg,32,2,1998,3,Good,128285,535,1924,1283,54,3.56,4009,1.18,5.0,36
382,Apartment,Charlottenburg-Wilmersdorf,85,1,1949,1,Good,295400,1231,4431,2954,123,2.98,3475,8.8,5.0,112
383,Apartment,Friedrichshain-Kreuzberg,96,2,1993,5,Fair,620658,2586,9310,6207,259,3.39,6465,-3.54,5.0,30
384,House,Treptow-Köpenick,132,1,1902,1,Excellent,1048325,4368,15725,10483,437,4.49,7942,9.09,5.0,87
385,House,Spandau,118,1,2020,4,Good,320902,1337,4814,3209,134,3.33,2720,2.96,5.0,43
386,House,Charlottenburg-Wilmersdorf,33,4,1989,5,Poor,161179,672,2418,1612,67,3.81,4884,1.75,5.0,50
387,House,Lichtenberg,81,1,1922,4,Excellent,196607,819,2949,1966,82,3.35,2427,-4.18,5.0,103
388,House,Charlottenburg-Wilmersdorf,126,1,1950,4,Good,1100872,4587,16513,11009,459,4.05,8737,4.89,5.0,37
389,House,Tempelhof-Schöneberg,34,3,1980,3,Poor,222895,929,3343,2229,93,3.66,6556,-0.51,5.0,82
390,Apartment,Mitte,52,3,1950,5,Poor,199781,832,2997,1998,83,2.63,3842,6.82,5.0,54
391,House,Marzahn-Hellersdorf,49,4,1991,1,Excellent,88738,370,1331,887,37,3.65,1811,7.92,5.0,74
392,House,Spandau,83,4,1923,4,Fair,656358,2735,9845,6564,274,3.26,7908,5.07,5.0,89
393,Apartment,Treptow-Köpenick,52,1,1942,5,Excellent,132009,550,1980,1320,55,2.61,2539,9.53,5.0,91
394,House,Reinickendorf,41,2,1944,2,Fair,333468,1389,5002,3335,139,3.62,8133,9.44,5.0,78
395,Apartment,Tempelhof-Schöneberg,72,1,1906,4,Fair,506165,2109,7592,5062,211,3.88,7030,-1.58,5.0,30
396,Apartment,Schöneberg,71,4,1988,2,Good,571691,2382,8575,5717,238,4.47,8052,7.3,5.0,68
397,Apartment,Reinickendorf,111,1,1944,1,Fair,606657,2528,9100,6067,253,4.45,5465,-4.96,5.0,95
398,House,Reinickendorf,150,4,1903,4,Poor,816302,3401,12245,8163,340,3.13,5442,-2.81,5.0,52
399,House,Steglitz-Zehlendorf,37,4,1918,1,Poor,72927,304,1094,729,30,3.93,1971,-3.8,5.0,108
400,House,Steglitz-Zehlendorf,134,4,1981,1,Excellent,249261,1039,3739,2493,104,3.97,1860,7.8,5.0,104
401,Apartment,Steglitz-Zehlendorf,123,3,1956,5,Poor,1056544,4402,15848,10565,440,3.63,8590,-1.15,5.0,77
402,Apartment,Reinickendorf,82,4,1914,5,Good,351293,1464,5269,3513,146,3.37,4284,-4.39,5.0,75
403,Apartment,Friedrichshain-Kreuzberg,140,4,1940,4,Poor,678919,2829,10184,6789,283,3.64,4849,0.13,5.0,37
404,House,Marzahn-Hellersdorf,35,4,1922,3,Poor,296822,1237,4452,2968,124,3.66,8481,9.86,5.0,44
405,Apartment,Friedrichshain-Kreuzberg,117,1,1965,4,Excellent,975468,4064,14632,9755,406,2.97,8337,6.01,5.0,37
406,House,Schöneberg,98,4,1985,2,Good,642987,2679,9645,6430,268,3.96,6561,-1.7,5.0,106
407,Apartment,Schöneberg,142,2,1930,1,Poor,356370,1485,5346,3564,148,3.93,2510,-2.85,5.0,107
408,Apartment,Steglitz-Zehlendorf,126,4,1905,5,Excellent,815458,3398,12232,8155,340,4.26,6472,7.6,5.0,49
409,Apartment,Reinickendorf,48,4,1963,2,Good,165149,688,2477,1651,69,2.77,3441,2.24,5.0,57
410,House,Reinickendorf,146,1,1943,5,Excellent,828702,3453,12431,8287,345,4.48,5676,-2.88,5.0,119
411,Apartment,Reinickendorf,39,4,1916,5,Poor,260322,1085,3905,2603,108,2.84,6675,8.91,5.0,102
412,House,Lichtenberg,122,4,1969,1,Fair,474297,1976,7114,4743,198,3.17,3888,4.03,5.0,71
413,Apartment,Charlottenburg-Wilmersdorf,127,4,1937,5,Good,1035046,4313,15526,10350,431,2.54,8150,-1.83,5.0,102
414,House,Treptow-Köpenick,80,1,2006,1,Good,264597,1102,3969,2646,110,4.16,3307,5.23,5.0,116
415,Apartment,Friedrichshain-Kreuzberg,71,3,1941,4,Good,253158,1055,3797,2532,106,3.74,3566,4.65,5.0,119
416,Apartment,Marzahn-Hellersdorf,64,3,2016,1,Good,249102,1038,3737,2491,104,3.14,3892,4.06,5.0,93
417,Apartment,Steglitz-Zehlendorf,56,3,1908,4,Excellent,273432,1139,4101,2734,114,4.15,4883,8.65,5.0,34
418,Apartment,Charlottenburg-Wilmersdorf,90,1,1988,3,Good,624626,2603,9369,6246,260,3.73,6940,8.5,5.0,84
419,House,Steglitz-Zehlendorf,116,2,1988,3,Fair,1016681,4236,15250,10167,424,3.28,8764,5.53,5.0,65
420,House,Prenzlauer Berg,88,3,2021,3,Good,638665,2661,9580,6387,266,4.35,7258,-3.46,5.0,68
421,Apartment,Marzahn-Hellersdorf,102,1,1951,3,Excellent,862229,3593,12933,8622,359,2.81,8453,-2.79,5.0,47
422,Apartment,Steglitz-Zehlendorf,40,3,1990,2,Poor,92072,384,1381,921,38,4.08,2302,6.8,5.0,41
423,House,Lichtenberg,64,3,1959,1,Fair,486601,2028,7299,4866,203,3.27,7603,5.97,5.0,66
424,House,Friedrichshain-Kreuzberg,130,4,1927,2,Excellent,300323,1251,4505,3003,125,2.86,2310,-2.72,5.0,77
425,House,Prenzlauer Berg,53,4,1914,1,Good,215939,900,3239,2159,90,3.61,4074,-0.37,5.0,79
426,Apartment,Treptow-Köpenick,139,1,1990,5,Good,300870,1254,4513,3009,125,3.2,2165,-1.33,5.0,40
427,Apartment,Lichtenberg,140,3,1962,5,Good,1180110,4917,17702,11801,492,2.94,8429,8.83,5.0,106
428,Apartment,Marzahn-Hellersdorf,31,3,2020,3,Good,74934,312,1124,749,31,3.34,2417,-4.49,5.0,94
429,House,Charlottenburg-Wilmersdorf,55,4,1989,4,Excellent,437023,1821,6555,4370,182,3.25,7946,2.67,5.0,112
430,Apartment,Schöneberg,63,3,1951,1,Good,131601,548,1974,1316,55,2.64,2089,4.28,5.0,82
431,Apartment,Neukölln,56,1,1961,1,Excellent,360909,1504,5414,3609,150,4.21,6445,-0.75,5.0,109
432,Apartment,Spandau,63,4,2021,4,Poor,350784,1462,5262,3508,146,2.6,5568,2.65,5.0,67
433,House,Mitte,131,1,1918,5,Good,985337,4106,14780,9853,411,3.88,7522,0.93,5.0,69
434,House,Spandau,67,3,1917,3,Excellent,394559,1644,5918,3946,164,4.26,5889,5.24,5.0,118
435,Apartment,Friedrichshain-Kreuzberg,83,1,2001,5,Fair,694885,2895,10423,6949,290,2.6,8372,2.73,5.0,54
436,House,Schöneberg,136,1,1917,1,Good,794455,3310,11917,7945,331,2.61,5842,3.07,5.0,91
437,House,Steglitz-Zehlendorf,125,3,2003,5,Good,844556,3519,12668,8446,352,3.72,6756,-3.36,5.0,106
438,House,Steglitz-Zehlendorf,120,3,1918,1,Fair,285272,1189,4279,2853,119,2.71,2377,7.13,5.0,85
439,House,Marzahn-Hellersdorf,69,3,1971,5,Poor,247732,1032,3716,2477,103,3.49,3590,5.58,5.0,73
440,House,Marzahn-Hellersdorf,73,1,1976,3,Good,541135,2255,8117,5411,226,4.23,7413,0.16,5.0,95
441,House,Schöneberg,144,1,1968,4,Poor,1115877,4649,16738,11159,465,3.05,7749,5.65,5.0,96
442,Apartment,Prenzlauer Berg,136,4,1936,5,Fair,630099,2625,9451,6301,262,2.67,4633,-3.37,5.0,100
443,Apartment,Charlottenburg-Wilmersdorf,66,2,1976,4,Excellent,160255,668,2404,1603,67,3.59,2428,0.23,5.0,55
444,Apartment,Charlottenburg-Wilmersdorf,81,1,2005,3,Excellent,268345,1118,4025,2683,112,4.49,3313,2.97,5.0,69
445,Apartment,Spandau,136,4,1907,5,Excellent,1208342,5035,18125,12083,504,3.45,8885,8.19,5.0,79
446,House,Charlottenburg-Wilmersdorf,71,1,1938,1,Poor,594815,2478,8922,5948,248,4.23,8378,3.92,5.0,99
447,House,Lichtenberg,119,1,2021,2,Poor,339687,1415,5095,3397,142,3.1,2855,2.06,5.0,77
448,House,Mitte,41,4,1994,4,Excellent,114248,476,1714,1142,48,3.13,2787,7.37,5.0,86
449,Apartment,Marzahn-Hellersdorf,67,2,2012,2,Poor,487679,2032,7315,4877,203,3.49,7279,1.76,5.0,103
450,House,Steglitz-Zehlendorf,53,2,1924,5,Poor,201193,838,3018,2012,84,3.51,3796,7.63,5.0,83
451,House,Prenzlauer Berg,63,2,1951,5,Poor,150710,628,2261,1507,63,4.41,2392,1.24,5.0,62
452,House,Treptow-Köpenick,71,1,1964,5,Fair,133986,558,2010,1340,56,2.69,1887,-1.76,5.0,46
453,Apartment,Neukölln,39,3,1936,2,Excellent,296206,1234,4443,2962,123,4.26,7595,-0.39,5.0,52
454,House,Reinickendorf,85,3,1901,3,Excellent,285179,1188,4278,2852,119,2.67,3355,9.44,5.0,42
455,Apartment,Schöneberg,111,1,1943,1,Excellent,935086,3896,14026,9351,390,4.31,8424,1.05,5.0,82
456,Apartment,Marzahn-Hellersdorf,39,2,1947,2,Fair,176691,736,2650,1767,74,2.67,4531,4.44,5.0,86
457,House,Schöneberg,142,3,1924,3,Poor,470391,1960,7056,4704,196,3.02,3313,2.46,5.0,72
458,House,Neukölln,92,2,1915,5,Poor,473343,1972,7100,4733,197,3.91,5145,6.12,5.0,41
459,Apartment,Steglitz-Zehlendorf,78,2,1952,5,Fair,536526,2236,8048,5365,224,4.22,6879,9.32,5.0,101
460,Apartment,Lichtenberg,72,1,1917,3,Good,153890,641,2308,1539,64,2.72,2137,1.79,5.0,50
461,Apartment,Mitte,51,1,2005,2,Excellent,388814,1620,5832,3888,162,2.88,7624,4.13,5.0,99
462,Apartment,Mitte,81,4,1993,5,Excellent,256766,1070,3851,2568,107,3.4,3170,1.2,5.0,88
463,Apartment,Spandau,96,2,1918,1,Excellent,684347,2851,10265,6843,285,4.35,7129,8.77,5.0,77
464,Apartment,Charlottenburg-Wilmersdorf,39,1,1951,1,Good,196125,817,2942,1961,82,4.41,5029,0.56,5.0,40
465,House,Charlottenburg-Wilmersdorf,131,2,2022,5,Excellent,772527,3219,11588,7725,322,3.93,5897,9.88,5.0,92
466,House,Prenzlauer Berg,104,4,1998,4,Poor,812032,3383,12180,8120,338,4.05,7808,7.97,5.0,113
467,Apartment,Neukölln,35,2,1936,2,Excellent,282372,1177,4236,2824,118,3.39,8068,-0.81,5.0,33
468,Apartment,Steglitz-Zehlendorf,137,2,1981,1,Fair,845526,3523,12683,8455,352,3.7,6172,5.59,5.0,59
469,House,Marzahn-Hellersdorf,129,2,2020,4,Fair,1080027,4500,16200,10800,450,2.7,8372,-2.65,5.0,67
470,Apartment,Charlottenburg-Wilmersdorf,53,1,1933,5,Excellent,395793,1649,5937,3958,165,2.55,7468,-2.88,5.0,42
471,Apartment,Friedrichshain-Kreuzberg,121,3,1924,2,Excellent,743993,3100,11160,7440,310,4.17,6149,3.86,5.0,100
472,Apartment,Lichtenberg,88,4,1972,5,Excellent,380642,1586,5710,3806,159,4.42,4325,8.91,5.0,52
473,Apartment,Friedrichshain-Kreuzberg,88,4,1933,3,Fair,460908,1920,6914,4609,192,3.09,5238,6.55,5.0,63
474,Apartment,Tempelhof-Schöneberg,63,1,1935,1,Good,436960,1821,6554,4370,182,3.34,6936,6.71,5.0,118
475,Apartment,Prenzlauer Berg,85,1,2008,2,Fair,584974,2437,8775,5850,244,2.64,6882,-4.99,5.0,51
476,Apartment,Mitte,130,3,1906,1,Fair,952539,3969,14288,9525,397,3.31,7327,5.43,5.0,69
477,House,Charlottenburg-Wilmersdorf,117,4,2020,2,Fair,971212,4047,14568,9712,405,3.44,8301,4.74,5.0,107
478,House,Marzahn-Hellersdorf,119,2,2010,1,Fair,723004,3013,10845,7230,301,3.41,6076,5.57,5.0,58
479,House,Neukölln,60,2,1979,3,Good,235329,981,3530,2353,98,4.41,3922,6.08,5.0,107
480,House,Spandau,130,4,1936,4,Excellent,568806,2370,8532,5688,237,3.43,4375,-3.69,5.0,107
481,House,Neukölln,135,1,2003,2,Fair,774824,3228,11622,7748,323,3.71,5739,4.85,5.0,53
482,House,Mitte,50,4,2015,3,Good,276411,1152,4146,2764,115,3.97,5528,4.54,5.0,53
483,House,Lichtenberg,121,4,1954,4,Fair,639191,2663,9588,6392,266,2.89,5283,5.78,5.0,38
484,House,Marzahn-Hellersdorf,92,2,1967,4,Excellent,735993,3067,11040,7360,307,3.3,8000,7.7,5.0,49
485,House,Marzahn-Hellersdorf,122,1,1943,5,Excellent,253359,1056,3800,2534,106,3.18,2077,1.92,5.0,108
486,House,Tempelhof-Schöneberg,90,4,1987,5,Good,456937,1904,6854,4569,190,3.38,5077,-1.33,5.0,51
487,Apartment,Mitte,30,3,1975,5,Excellent,247060,1029,3706,2471,103,3.23,8235,4.21,5.0,72
488,House,Marzahn-Hellersdorf,90,4,1969,5,Good,283410,1181,4251,2834,118,3.05,3149,8.61,5.0,82
489,Apartment,Mitte,75,1,1928,4,Fair,196990,821,2955,1970,82,3.13,2627,2.01,5.0,63
490,Apartment,Marzahn-Hellersdorf,126,3,1948,1,Fair,554747,2311,8321,5547,231,4.14,4403,9.13,5.0,60
491,Apartment,Reinickendorf,58,2,1906,4,Good,114917,479,1724,1149,48,3.38,1981,4.37,5.0,42
492,Apartment,Mitte,121,2,2021,4,Good,587654,2449,8815,5877,245,3.57,4857,8.66,5.0,65
493,Apartment,Marzahn-Hellersdorf,145,1,1977,4,Excellent,775296,3230,11629,7753,323,3.09,5347,5.27,5.0,59
494,Apartment,Spandau,87,3,2020,2,Fair,673565,2807,10103,6736,281,2.92,7742,0.87,5.0,58
495,House,Schöneberg,115,2,1917,3,Excellent,309520,1290,4643,3095,129,4.46,2691,5.11,5.0,85
496,House,Steglitz-Zehlendorf,53,4,1927,4,Fair,274572,1144,4119,2746,114,3.46,5181,-4.6,5.0,83
497,House,Mitte,82,2,1966,2,Poor,528202,2201,7923,5282,220,3.81,6441,2.35,5.0,43
498,Apartment,Reinickendorf,119,1,1955,2,Poor,596128,2484,8942,5961,248,3.37,5009,-2.95,5.0,76
499,Apartment,Mitte,138,3,1996,1,Fair,796872,3320,11953,7969,332,2.82,5774,-4.77,5.0,117
500,Apartment,Reinickendorf,93,3,1989,2,Fair,530823,2212,7962,5308,221,3.87,5708,1.43,5.0,32
501,Apartment,Charlottenburg-Wilmersdorf,120,1,1931,4,Poor,455019,1896,6825,4550,190,2.72,3792,7.09,5.0,66
502,House,Schöneberg,125,4,2021,3,Fair,1082069,4509,16231,10821,451,3.98,8657,6.31,5.0,89
503,House,Lichtenberg,71,4,1975,2,Excellent,215681,899,3235,2157,90,3.94,3038,8.36,5.0,67
504,House,Steglitz-Zehlendorf,100,2,1902,2,Excellent,591892,2466,8878,5919,247,3.81,5919,3.71,5.0,116
505,Apartment,Marzahn-Hellersdorf,45,4,1996,1,Poor,219528,915,3293,2195,92,2.51,4878,8.59,5.0,71
506,House,Steglitz-Zehlendorf,33,3,1943,4,Excellent,73459,306,1102,735,31,4.06,2226,5.58,5.0,112
507,Apartment,Spandau,149,1,1938,1,Poor,1106567,4611,16599,11066,461,2.86,7427,6.54,5.0,64
508,House,Tempelhof-Schöneberg,60,1,1993,2,Fair,334441,1394,5017,3344,139,3.58,5574,-3.65,5.0,97
509,House,Lichtenberg,108,1,1986,1,Fair,603444,2514,9052,6034,251,2.72,5587,7.44,5.0,99
510,Apartment,Spandau,66,2,1918,2,Poor,365322,1522,5480,3653,152,3.04,5535,8.72,5.0,87
511,House,Prenzlauer Berg,44,4,1946,2,Good,143126,596,2147,1431,60,3.91,3253,9.05,5.0,84
512,House,Prenzlauer Berg,106,1,2003,3,Good,446372,1860,6696,4464,186,4.19,4211,-2.06,5.0,119
513,Apartment,Charlottenburg-Wilmersdorf,148,3,1940,1,Poor,1216315,5068,18245,12163,507,2.55,8218,-1.51,5.0,112
514,House,Tempelhof-Schöneberg,35,3,2009,4,Good,282213,1176,4233,2822,118,3.24,8063,-4.68,5.0,78
515,Apartment,Neukölln,93,3,1972,2,Excellent,732333,3051,10985,7323,305,4.07,7875,-3.2,5.0,30
516,House,Mitte,96,3,1943,4,Poor,808842,3370,12133,8088,337,2.55,8425,7.4,5.0,107
517,Apartment,Friedrichshain-Kreuzberg,69,1,1979,5,Poor,601412,2506,9021,6014,251,4.4,8716,8.55,5.0,77
518,Apartment,Neukölln,43,4,1952,2,Good,235192,980,3528,2352,98,3.51,5470,8.13,5.0,106
519,House,Marzahn-Hellersdorf,93,3,1968,1,Excellent,223305,930,3350,2233,93,2.77,2401,5.3,5.0,106
520,House,Marzahn-Hellersdorf,56,3,1971,4,Excellent,220442,919,3307,2204,92,3.44,3936,-1.56,5.0,63
521,Apartment,Schöneberg,149,2,1932,5,Poor,486344,2026,7295,4863,203,4.45,3264,7.06,5.0,66
522,House,Charlottenburg-Wilmersdorf,51,1,2011,5,Poor,327861,1366,4918,3279,137,2.87,6429,3.69,5.0,110
523,House,Treptow-Köpenick,130,4,2005,2,Fair,535757,2232,8036,5358,223,3.17,4121,3.62,5.0,31
524,Apartment,Prenzlauer Berg,130,1,1957,1,Excellent,330288,1376,4954,3303,138,3.12,2541,4.82,5.0,52
525,House,Tempelhof-Schöneberg,93,2,2011,4,Good,296237,1234,4444,2962,123,2.74,3185,7.52,5.0,94
526,Apartment,Spandau,122,1,1973,3,Excellent,285191,1188,4278,2852,119,2.64,2338,5.31,5.0,92
527,Apartment,Treptow-Köpenick,124,4,1994,1,Good,310404,1293,4656,3104,129,2.86,2503,8.97,5.0,45
528,House,Charlottenburg-Wilmersdorf,147,2,1905,2,Fair,355154,1480,5327,3552,148,3.05,2416,-1.22,5.0,31
529,Apartment,Tempelhof-Schöneberg,117,2,1972,2,Excellent,377625,1573,5664,3776,157,4.16,3228,4.45,5.0,64
530,Apartment,Tempelhof-Schöneberg,50,3,1904,5,Poor,304044,1267,4561,3040,127,3.31,6081,-4.08,5.0,34
531,Apartment,Reinickendorf,44,1,1921,1,Good,367478,1531,5512,3675,153,4.25,8352,3.27,5.0,78
532,Apartment,Treptow-Köpenick,149,3,1999,5,Excellent,372661,1553,5590,3727,155,2.81,2501,7.2,5.0,44
533,House,Friedrichshain-Kreuzberg,93,1,1951,2,Good,800965,3337,12014,8010,334,3.59,8613,-2.2,5.0,72
534,House,Friedrichshain-Kreuzberg,63,1,1949,2,Fair,415858,1733,6238,4159,173,4.31,6601,-1.16,5.0,51
535,House,Mitte,53,1,1907,1,Good,231470,964,3472,2315,96,3.38,4367,4.5,5.0,30
536,Apartment,Lichtenberg,41,4,1985,2,Poor,331357,1381,4970,3314,138,3.19,8082,-0.2,5.0,31
537,House,Marzahn-Hellersdorf,37,3,1901,3,Good,238950,996,3584,2390,100,3.0,6458,-4.05,5.0,83
538,House,Charlottenburg-Wilmersdorf,122,2,2013,2,Good,701991,2925,10530,7020,292,3.27,5754,6.25,5.0,76
539,Apartment,Treptow-Köpenick,81,2,1918,3,Excellent,198644,828,2980,1986,83,3.11,2452,8.67,5.0,67
540,House,Treptow-Köpenick,31,3,1990,3,Good,185630,773,2784,1856,77,4.4,5988,9.58,5.0,49
541,House,Charlottenburg-Wilmersdorf,47,2,2007,5,Fair,274154,1142,4112,2742,114,4.45,5833,3.19,5.0,44
542,Apartment,Reinickendorf,125,1,1964,3,Good,379710,1582,5696,3797,158,2.69,3038,7.89,5.0,47
543,Apartment,Tempelhof-Schöneberg,59,1,1919,1,Good,421133,1755,6317,4211,176,3.81,7138,9.65,5.0,31
544,House,Mitte,68,2,1910,3,Excellent,479705,1999,7196,4797,200,4.25,7054,-1.26,5.0,55
545,House,Lichtenberg,43,3,2021,3,Good,252677,1053,3790,2527,105,2.99,5876,-2.04,5.0,116
546,Apartment,Charlottenburg-Wilmersdorf,146,1,1992,3,Poor,851451,3548,12772,8515,355,3.49,5832,0.8,5.0,70
547,Apartment,Neukölln,75,2,1952,3,Excellent,396060,1650,5941,3961,165,3.56,5281,2.51,5.0,75
548,Apartment,Prenzlauer Berg,62,1,2013,3,Good,488662,2036,7330,4887,204,3.49,7882,-4.9,5.0,70
549,House,Schöneberg,143,3,1983,4,Poor,495109,2063,7427,4951,206,2.92,3462,2.42,5.0,37
550,House,Prenzlauer Berg,40,3,1963,5,Good,290044,1209,4351,2900,121,4.31,7251,0.63,5.0,98
551,Apartment,Treptow-Köpenick,147,2,1939,1,Excellent,1292017,5383,19380,12920,538,4.34,8789,1.42,5.0,40
552,Apartment,Treptow-Köpenick,73,1,1906,4,Fair,193719,807,2906,1937,81,3.34,2654,9.84,5.0,77
553,House,Lichtenberg,46,3,1903,5,Excellent,131956,550,1979,1320,55,3.43,2869,5.99,5.0,33
554,House,Schöneberg,117,3,1907,2,Fair,874882,3645,13123,8749,364,2.65,7478,0.13,5.0,94
555,Apartment,Friedrichshain-Kreuzberg,38,4,1919,5,Fair,263651,1099,3955,2637,110,3.21,6938,-2.34,5.0,45
556,Apartment,Schöneberg,40,2,1999,5,Fair,184636,769,2770,1846,77,3.21,4616,5.72,5.0,100
557,Apartment,Steglitz-Zehlendorf,85,1,1917,4,Excellent,681684,2840,10225,6817,284,4.27,8020,7.66,5.0,72
558,House,Steglitz-Zehlendorf,108,4,1937,1,Fair,671370,2797,10071,6714,280,2.56,6216,5.76,5.0,83
559,Apartment,Prenzlauer Berg,71,2,1958,4,Poor,568977,2371,8535,5690,237,3.75,8014,0.36,5.0,89
560,House,Lichtenberg,98,2,1956,3,Good,242175,1009,3633,2422,101,2.63,2471,5.49,5.0,52
561,House,Schöneberg,128,3,1953,1,Poor,522338,2176,7835,5223,218,2.63,4081,-1.46,5.0,45
562,House,Schöneberg,123,2,1940,1,Excellent,235212,980,3528,2352,98,4.33,1912,2.08,5.0,83
563,Apartment,Charlottenburg-Wilmersdorf,105,2,1918,2,Good,246183,1026,3693,2462,103,3.87,2345,8.28,5.0,99
564,Apartment,Mitte,140,3,1904,5,Poor,1105698,4607,16585,11057,461,4.44,7898,-0.73,5.0,59
565,House,Friedrichshain-Kreuzberg,58,4,1956,3,Good,268762,1120,4031,2688,112,4.29,4634,2.56,5.0,34
566,House,Steglitz-Zehlendorf,95,1,2017,5,Good,837250,3489,12559,8372,349,4.23,8813,7.16,5.0,89
567,Apartment,Mitte,115,3,1996,2,Poor,852568,3552,12789,8526,355,2.94,7414,1.21,5.0,118
568,Apartment,Lichtenberg,96,1,1982,3,Fair,353088,1471,5296,3531,147,4.05,3678,0.02,5.0,89
569,Apartment,Mitte,116,3,1939,5,Excellent,547002,2279,8205,5470,228,4.22,4716,3.97,5.0,85
570,Apartment,Lichtenberg,129,3,1912,5,Excellent,280906,1170,4214,2809,117,3.49,2178,3.6,5.0,116
571,House,Lichtenberg,136,1,1944,1,Fair,538244,2243,8074,5382,224,2.79,3958,-0.64,5.0,31
572,House,Prenzlauer Berg,127,2,1981,2,Poor,920749,3836,13811,9207,384,4.02,7250,3.42,5.0,62
573,Apartment,Steglitz-Zehlendorf,83,2,1969,1,Good,422707,1761,6341,4227,176,4.25,5093,-2.25,5.0,91
574,House,Spandau,84,3,1969,3,Poor,720587,3002,10809,7206,300,3.78,8578,-4.37,5.0,35
575,House,Friedrichshain-Kreuzberg,81,3,1918,4,Fair,659472,2748,9892,6595,275,2.6,8142,-3.55,5.0,59
576,House,Reinickendorf,147,3,1964,1,Good,350368,1460,5256,3504,146,2.78,2383,5.54,5.0,98
577,Apartment,Tempelhof-Schöneberg,39,4,1948,1,Fair,71433,298,1071,714,30,3.87,1832,-3.54,5.01,82
578,Apartment,Schöneberg,107,4,1905,4,Excellent,384003,1600,5760,3840,160,3.77,3589,-3.06,5.0,72
579,House,Steglitz-Zehlendorf,143,4,1995,5,Excellent,413879,1724,6208,4139,172,3.6,2894,-1.89,5.0,34
580,Apartment,Charlottenburg-Wilmersdorf,91,4,1992,2,Poor,550199,2292,8253,5502,229,3.77,6046,1.88,5.0,41
581,Apartment,Lichtenberg,41,3,1936,2,Poor,317661,1324,4765,3177,132,4.22,7748,-0.46,5.0,83
582,Apartment,Lichtenberg,93,1,1981,5,Fair,548868,2287,8233,5489,229,4.24,5902,6.04,5.0,63
583,House,Mitte,73,3,1986,5,Poor,416526,1736,6248,4165,174,4.09,5706,1.26,5.0,81
584,Apartment,Lichtenberg,116,2,2011,1,Good,697768,2907,10467,6978,291,3.09,6015,3.64,5.0,109
585,Apartment,Spandau,93,1,1941,1,Fair,796642,3319,11950,7966,332,3.39,8566,3.71,5.0,119
586,House,Mitte,102,2,1913,4,Poor,467863,1949,7018,4679,195,4.41,4587,4.62,5.0,85
587,House,Spandau,136,3,2016,5,Poor,358987,1496,5385,3590,150,2.66,2640,6.91,5.0,76
588,Apartment,Prenzlauer Berg,75,1,1976,1,Poor,505988,2108,7590,5060,211,4.02,6747,3.73,5.0,86
589,Apartment,Reinickendorf,89,4,2010,3,Poor,272445,1135,4087,2724,114,3.52,3061,-0.65,5.0,88
590,House,Charlottenburg-Wilmersdorf,85,4,1945,4,Excellent,251530,1048,3773,2515,105,3.59,2959,-1.38,5.0,102
591,Apartment,Lichtenberg,67,1,1927,3,Fair,262267,1093,3934,2623,109,2.65,3914,5.44,5.0,67
592,Apartment,Neukölln,43,2,1991,2,Poor,103780,432,1557,1038,43,3.54,2413,-2.88,5.0,101
593,Apartment,Prenzlauer Berg,52,1,2015,3,Fair,262361,1093,3935,2624,109,3.17,5045,-0.73,5.0,40
594,House,Charlottenburg-Wilmersdorf,78,1,2003,2,Fair,517729,2157,7766,5177,216,2.64,6638,1.19,5.0,79
595,House,Mitte,31,4,2023,2,Fair,182001,758,2730,1820,76,3.41,5871,9.49,5.0,113
596,House,Schöneberg,134,1,1999,4,Poor,788950,3287,11834,7890,329,3.2,5888,-4.05,5.0,115
597,Apartment,Marzahn-Hellersdorf,51,4,1917,5,Excellent,239619,998,3594,2396,100,3.82,4698,7.33,5.0,108
598,House,Spandau,33,3,1989,4,Excellent,265141,1105,3977,2651,110,2.7,8035,8.5,5.0,77
599,Apartment,Spandau,46,2,1957,1,Good,88061,367,1321,881,37,3.07,1914,8.84,5.0,97
600,House,Lichtenberg,103,3,1904,3,Poor,389601,1623,5844,3896,162,4.32,3783,-2.06,5.0,66
601,House,Charlottenburg-Wilmersdorf,102,2,1956,3,Fair,278984,1162,4185,2790,116,3.86,2735,-0.72,5.0,77
602,House,Lichtenberg,78,2,2007,3,Good,613860,2558,9208,6139,256,3.36,7870,3.84,5.0,84
603,House,Neukölln,118,1,2010,5,Good,558215,2326,8373,5582,233,3.53,4731,8.7,5.0,40
604,Apartment,Neukölln,100,1,1999,5,Fair,538697,2245,8080,5387,224,3.59,5387,-0.86,5.0,45
605,Apartment,Lichtenberg,70,4,1905,5,Excellent,386982,1612,5805,3870,161,4.35,5528,7.01,5.0,59
606,Apartment,Treptow-Köpenick,60,3,1908,1,Good,100601,419,1509,1006,42,4.26,1677,8.9,5.0,111
607,Apartment,Schöneberg,35,2,1907,1,Poor,188736,786,2831,1887,79,3.23,5392,-2.42,5.0,111
608,House,Friedrichshain-Kreuzberg,113,3,1953,3,Excellent,822563,3427,12338,8226,343,4.35,7279,5.2,5.0,113
609,House,Marzahn-Hellersdorf,140,2,1926,2,Poor,965333,4022,14480,9653,402,4.4,6895,8.57,5.0,46
610,Apartment,Mitte,61,2,2019,1,Good,279737,1166,4196,2797,117,4.08,4586,8.27,5.0,116
611,Apartment,Spandau,111,1,1990,4,Fair,829655,3457,12445,8297,346,3.27,7474,-2.69,5.0,59
612,Apartment,Lichtenberg,66,3,1994,1,Excellent,354386,1477,5316,3544,148,3.21,5369,-2.38,5.0,67
613,House,Mitte,80,4,1992,3,Good,682013,2842,10230,6820,284,2.7,8525,4.6,5.0,63
614,Apartment,Tempelhof-Schöneberg,63,2,1902,4,Fair,252539,1052,3788,2525,105,2.64,4009,4.92,5.0,94
615,Apartment,Schöneberg,106,3,1980,2,Excellent,556908,2320,8354,5569,232,3.77,5254,-1.97,5.0,80
616,Apartment,Lichtenberg,116,1,1986,1,Poor,678298,2826,10174,6783,283,4.48,5847,1.25,5.0,99
617,House,Spandau,87,3,1936,2,Poor,723708,3015,10856,7237,302,2.66,8318,-3.32,5.0,66
618,House,Treptow-Köpenick,129,2,1971,3,Fair,461020,1921,6915,4610,192,2.53,3574,5.25,5.0,67
619,House,Reinickendorf,59,4,1903,5,Good,179522,748,2693,1795,75,3.66,3043,8.9,5.0,60
620,Apartment,Schöneberg,71,1,1907,4,Fair,342121,1426,5132,3421,143,3.39,4819,9.26,5.0,116
621,House,Steglitz-Zehlendorf,62,3,1969,3,Poor,142426,593,2136,1424,59,4.11,2297,-4.21,5.0,87
622,House,Neukölln,48,3,1949,2,Poor,96073,400,1441,961,40,2.51,2002,3.85,5.0,38
623,House,Tempelhof-Schöneberg,141,3,1948,3,Excellent,1013303,4222,15200,10133,422,2.65,7187,2.0,5.0,79
624,Apartment,Mitte,46,3,2023,4,Poor,121783,507,1827,1218,51,2.62,2647,-1.62,5.0,109
625,Apartment,Reinickendorf,46,2,1932,2,Excellent,351473,1464,5272,3515,146,3.27,7641,6.71,5.0,69
626,Apartment,Neukölln,115,2,1936,5,Fair,211643,882,3175,2116,88,3.97,1840,3.65,5.0,88
627,Apartment,Charlottenburg-Wilmersdorf,44,3,1924,2,Fair,193763,807,2906,1938,81,4.04,4404,-1.87,5.0,109
628,House,Lichtenberg,92,3,1950,4,Good,170071,709,2551,1701,71,4.33,1849,-1.02,5.0,60
629,Apartment,Reinickendorf,128,3,1973,4,Poor,921835,3841,13828,9218,384,2.84,7202,-4.95,5.0,109
630,Apartment,Lichtenberg,58,3,1966,2,Poor,506197,2109,7593,5062,211,3.03,8728,-3.95,5.0,77
631,Apartment,Steglitz-Zehlendorf,106,2,2007,5,Poor,502882,2095,7543,5029,210,2.59,4744,9.49,5.0,71
632,Apartment,Schöneberg,113,1,1910,4,Fair,661844,2758,9928,6618,276,4.1,5857,-1.73,5.0,76
633,House,Spandau,64,2,2006,1,Good,301561,1257,4523,3016,126,4.47,4712,5.83,5.0,92
634,House,Friedrichshain-Kreuzberg,70,3,1942,3,Excellent,369532,1540,5543,3695,154,3.8,5279,5.75,5.0,44
635,House,Marzahn-Hellersdorf,72,1,1946,1,Fair,138077,575,2071,1381,58,3.91,1918,-4.0,5.0,115
636,Apartment,Marzahn-Hellersdorf,49,1,1918,4,Poor,430415,1793,6456,4304,179,3.52,8784,-0.98,5.0,114
637,Apartment,Marzahn-Hellersdorf,133,3,1962,4,Excellent,507862,2116,7618,5079,212,3.52,3819,9.34,5.0,74
638,Apartment,Prenzlauer Berg,95,2,1990,5,Excellent,535120,2230,8027,5351,223,2.87,5633,1.75,5.0,86
639,Apartment,Treptow-Köpenick,95,1,1957,3,Fair,278899,1162,4183,2789,116,2.54,2936,6.69,5.0,89
640,Apartment,Prenzlauer Berg,139,1,1936,1,Excellent,1192374,4968,17886,11924,497,4.43,8578,-4.44,5.0,97
641,Apartment,Treptow-Köpenick,111,3,1925,5,Poor,736621,3069,11049,7366,307,4.2,6636,7.92,5.0,113
642,House,Charlottenburg-Wilmersdorf,124,1,1918,5,Good,364092,1517,5461,3641,152,3.92,2936,-3.25,5.0,34
643,Apartment,Treptow-Köpenick,48,1,1934,5,Good,381406,1589,5721,3814,159,2.67,7946,-3.04,5.0,91
644,House,Spandau,61,2,1920,4,Good,499292,2080,7489,4993,208,3.69,8185,-4.63,5.0,46
645,House,Mitte,142,3,1941,2,Fair,832716,3470,12491,8327,347,3.97,5864,-3.92,5.0,57
646,House,Charlottenburg-Wilmersdorf,89,2,1900,5,Fair,678558,2827,10178,6786,283,4.29,7624,8.2,5.0,100
647,House,Prenzlauer Berg,97,1,1983,4,Good,366949,1529,5504,3669,153,4.13,3783,2.57,5.0,115
648,House,Prenzlauer Berg,124,2,1976,4,Fair,233474,973,3502,2335,97,2.53,1883,-1.31,5.0,77
649,Apartment,Steglitz-Zehlendorf,43,4,1978,3,Poor,254035,1058,3811,2540,106,4.06,5908,-3.96,5.0,67
650,Apartment,Reinickendorf,41,3,1915,4,Poor,292460,1219,4387,2925,122,2.57,7133,-1.09,5.0,119
651,Apartment,Prenzlauer Berg,87,1,1955,2,Poor,504704,2103,7571,5047,210,3.7,5801,6.65,5.0,102
652,Apartment,Prenzlauer Berg,126,2,1932,3,Poor,936072,3900,14041,9361,390,4.14,7429,3.75,5.0,60
653,Apartment,Charlottenburg-Wilmersdorf,133,2,1942,3,Excellent,781564,3257,11723,7816,326,3.78,5876,7.84,5.0,73
654,House,Schöneberg,106,3,1923,5,Good,813026,3388,12195,8130,339,4.0,7670,9.67,5.0,78
655,Apartment,Charlottenburg-Wilmersdorf,84,1,1922,1,Fair,707277,2947,10609,7073,295,3.35,8420,5.72,5.0,117
656,Apartment,Spandau,71,2,1929,2,Excellent,299114,1246,4487,2991,125,3.59,4213,-2.69,5.0,83
657,House,Spandau,65,3,1975,3,Fair,294938,1229,4424,2949,123,4.29,4538,9.87,5.0,49
658,Apartment,Marzahn-Hellersdorf,40,1,1982,4,Excellent,251007,1046,3765,2510,105,3.5,6275,5.92,5.0,111
659,Apartment,Schöneberg,69,1,1983,3,Excellent,291768,1216,4377,2918,122,4.11,4229,-4.07,5.0,116
660,House,Neukölln,63,1,1927,4,Fair,387205,1613,5808,3872,161,3.16,6146,-3.83,5.0,104
661,Apartment,Schöneberg,44,4,1934,1,Fair,329284,1372,4939,3293,137,3.38,7484,3.79,5.0,109
662,Apartment,Friedrichshain-Kreuzberg,147,1,1950,2,Excellent,661260,2755,9919,6613,276,2.86,4498,8.94,5.0,43
663,Apartment,Steglitz-Zehlendorf,116,2,1967,5,Good,342770,1428,5142,3428,143,3.38,2955,-4.89,5.0,105
664,House,Steglitz-Zehlendorf,47,2,1998,3,Excellent,271714,1132,4076,2717,113,4.15,5781,8.84,5.0,54
665,House,Friedrichshain-Kreuzberg,96,4,1925,4,Fair,278587,1161,4179,2786,116,4.1,2902,-1.65,5.0,36
666,House,Friedrichshain-Kreuzberg,37,2,2001,2,Good,273107,1138,4097,2731,114,2.72,7381,3.91,5.0,46
667,Apartment,Charlottenburg-Wilmersdorf,121,4,2001,4,Good,544153,2267,8162,5442,227,2.97,4497,5.96,5.0,81
668,House,Tempelhof-Schöneberg,118,4,2000,4,Poor,664242,2768,9964,6642,277,2.75,5629,5.78,5.0,48
669,Apartment,Marzahn-Hellersdorf,110,1,1925,1,Fair,813741,3391,12206,8137,339,2.51,7398,9.98,5.0,46
670,House,Lichtenberg,52,4,1974,3,Fair,167362,697,2510,1674,70,3.7,3218,-3.86,5.0,71
671,Apartment,Marzahn-Hellersdorf,69,4,1949,4,Poor,272550,1136,4088,2726,114,2.99,3950,2.36,5.0,108
672,Apartment,Mitte,117,2,2019,4,Excellent,797508,3323,11963,7975,332,4.07,6816,5.32,5.0,61
673,House,Mitte,107,4,1923,1,Poor,296394,1235,4446,2964,124,4.0,2770,-4.09,5.0,89
674,House,Neukölln,42,1,1907,2,Fair,274698,1145,4120,2747,114,3.73,6540,1.15,5.0,80
675,Apartment,Charlottenburg-Wilmersdorf,71,4,1981,1,Excellent,459494,1915,6892,4595,192,4.25,6472,-4.05,5.0,80
676,Apartment,Schöneberg,89,1,1998,2,Good,620928,2587,9314,6209,259,2.78,6977,-4.26,5.0,46
677,House,Charlottenburg-Wilmersdorf,51,3,1942,4,Poor,378528,1577,5678,3785,158,4.28,7422,1.24,5.0,63
678,Apartment,Treptow-Köpenick,43,1,1945,3,Excellent,186930,779,2804,1869,78,3.59,4347,-2.84,5.0,76
679,Apartment,Marzahn-Hellersdorf,104,1,2020,3,Fair,849088,3538,12736,8491,354,4.29,8164,-1.93,5.0,82
680,House,Schöneberg,99,3,1914,5,Good,815872,3399,12238,8159,340,4.12,8241,4.52,5.0,82
681,Apartment,Neukölln,116,1,2005,2,Poor,732620,3053,10989,7326,305,4.18,6316,1.89,5.0,117
682,Apartment,Reinickendorf,148,1,1998,3,Poor,969535,4040,14543,9695,404,3.12,6551,1.88,5.0,58
683,House,Spandau,80,3,1978,4,Poor,191915,800,2879,1919,80,2.95,2399,4.43,5.0,103
684,Apartment,Treptow-Köpenick,139,2,2003,4,Fair,602394,2510,9036,6024,251,4.46,4334,4.21,5.0,98
685,Apartment,Neukölln,58,4,1943,2,Poor,181011,754,2715,1810,75,2.69,3121,-2.63,5.0,77
686,House,Tempelhof-Schöneberg,118,3,1970,4,Excellent,937503,3906,14063,9375,391,3.83,7945,8.35,5.0,117
687,House,Mitte,98,4,1951,5,Good,851093,3546,12766,8511,355,3.88,8685,1.82,5.0,31
688,House,Friedrichshain-Kreuzberg,128,4,2003,1,Good,359168,1497,5388,3592,150,3.12,2806,3.27,5.0,108
689,Apartment,Prenzlauer Berg,146,2,1998,1,Poor,1035417,4314,15531,10354,431,4.46,7092,6.81,5.0,53
690,House,Spandau,100,1,1911,1,Poor,280362,1168,4205,2804,117,2.67,2804,-3.72,5.0,60
691,Apartment,Lichtenberg,127,4,1975,1,Excellent,704157,2934,10562,7042,293,2.91,5545,1.21,5.0,66
692,House,Lichtenberg,146,2,1939,3,Poor,730209,3043,10953,7302,304,3.8,5001,0.49,5.0,74
693,House,Mitte,88,3,1995,2,Poor,200135,834,3002,2001,83,4.07,2274,5.41,5.0,106
694,Apartment,Neukölln,82,2,1941,5,Poor,544451,2269,8167,5445,227,2.67,6640,-4.75,5.0,43
695,Apartment,Tempelhof-Schöneberg,57,3,1922,1,Fair,160566,669,2408,1606,67,3.76,2817,5.61,5.0,96
696,House,Charlottenburg-Wilmersdorf,117,2,1906,3,Fair,625840,2608,9388,6258,261,2.87,5349,8.74,5.0,75
697,Apartment,Friedrichshain-Kreuzberg,142,1,1926,1,Fair,526902,2195,7904,5269,220,3.17,3711,-4.88,5.0,95
698,House,Treptow-Köpenick,76,4,1935,1,Good,364070,1517,5461,3641,152,3.94,4790,-4.91,5.0,87
699,Apartment,Prenzlauer Berg,45,2,1966,2,Good,283553,1181,4253,2836,118,3.23,6301,-0.33,5.0,65
700,House,Spandau,105,3,2005,2,Excellent,207878,866,3118,2079,87,4.28,1980,-3.87,5.0,62
701,Apartment,Schöneberg,91,3,1953,1,Excellent,461294,1922,6919,4613,192,3.76,5069,5.7,5.0,40
702,Apartment,Tempelhof-Schöneberg,139,1,1971,3,Excellent,973953,4058,14609,9740,406,4.07,7007,1.22,5.0,89
703,Apartment,Steglitz-Zehlendorf,47,2,1989,1,Excellent,167719,699,2516,1677,70,2.82,3568,-4.33,5.0,44
704,House,Charlottenburg-Wilmersdorf,32,4,1948,1,Good,147276,614,2209,1473,61,2.98,4602,8.98,5.0,110
705,Apartment,Spandau,129,2,1945,5,Excellent,428114,1784,6422,4281,178,2.81,3319,-0.02,5.0,87
706,House,Charlottenburg-Wilmersdorf,96,4,1996,1,Good,684517,2852,10268,6845,285,3.44,7130,5.12,5.0,42
707,House,Neukölln,62,4,1935,1,Fair,317649,1324,4765,3176,132,2.57,5123,1.22,5.0,108
708,House,Tempelhof-Schöneberg,88,3,2014,2,Good,758346,3160,11375,7583,316,4.23,8618,-3.71,5.0,88
709,Apartment,Tempelhof-Schöneberg,125,1,2005,2,Fair,960904,4004,14414,9609,400,3.48,7687,7.5,5.0,90
710,Apartment,Prenzlauer Berg,79,1,1946,2,Fair,254929,1062,3824,2549,106,3.39,3227,4.93,5.0,53
711,Apartment,Marzahn-Hellersdorf,140,4,1952,4,Good,653966,2725,9809,6540,272,3.98,4671,-4.68,5.0,51
712,House,Friedrichshain-Kreuzberg,86,3,1940,4,Excellent,488525,2036,7328,4885,204,3.56,5681,-1.04,5.0,48
713,House,Prenzlauer Berg,135,1,1978,3,Good,746919,3112,11204,7469,311,4.35,5533,-2.28,5.0,54
714,Apartment,Marzahn-Hellersdorf,36,3,2002,1,Fair,115692,482,1735,1157,48,4.28,3214,9.3,5.0,46
715,House,Reinickendorf,133,3,2023,4,Fair,1156238,4818,17344,11562,482,4.42,8694,8.64,5.0,45
716,House,Schöneberg,47,3,1955,1,Poor,107085,446,1606,1071,45,4.28,2278,-4.21,5.0,104
717,House,Spandau,62,2,1965,1,Poor,537887,2241,8068,5379,224,4.45,8676,-2.67,5.0,103
718,Apartment,Mitte,127,1,1914,3,Poor,728060,3034,10921,7281,303,3.36,5733,4.1,5.0,45
719,Apartment,Prenzlauer Berg,150,2,1942,2,Good,972442,4052,14587,9724,405,3.34,6483,9.04,5.0,96
720,Apartment,Prenzlauer Berg,62,3,1903,4,Fair,186870,779,2803,1869,78,3.13,3014,5.5,5.0,42
721,Apartment,Spandau,143,2,1909,3,Good,583245,2430,8749,5832,243,4.26,4079,9.0,5.0,63
722,Apartment,Mitte,43,2,2015,5,Poor,82485,344,1237,825,34,3.26,1918,4.11,5.0,42
723,House,Marzahn-Hellersdorf,80,1,1931,4,Excellent,503260,2097,7549,5033,210,3.05,6291,2.48,5.0,118
724,Apartment,Steglitz-Zehlendorf,42,3,1962,1,Fair,237151,988,3557,2372,99,4.1,5646,7.23,5.0,90
725,Apartment,Spandau,145,1,1951,2,Fair,1234254,5143,18514,12343,514,3.16,8512,-0.81,5.0,30
726,House,Friedrichshain-Kreuzberg,111,4,1920,4,Good,762834,3178,11443,7628,318,4.3,6872,6.05,5.0,44
727,Apartment,Mitte,105,3,1959,1,Excellent,472432,1968,7086,4724,197,2.96,4499,0.25,5.0,119
728,House,Tempelhof-Schöneberg,76,3,1950,2,Good,507411,2114,7611,5074,211,2.81,6676,9.18,5.0,115
729,House,Steglitz-Zehlendorf,94,1,1964,4,Good,323526,1348,4853,3235,135,3.79,3442,-3.86,5.0,102
730,Apartment,Steglitz-Zehlendorf,77,1,1900,3,Poor,348632,1453,5229,3486,145,4.32,4528,-0.88,5.0,51
731,House,Friedrichshain-Kreuzberg,150,2,1931,2,Fair,533225,2222,7998,5332,222,4.02,3555,5.98,5.0,76
732,Apartment,Lichtenberg,88,4,1975,1,Fair,455101,1896,6827,4551,190,2.59,5172,5.05,5.0,95
733,House,Friedrichshain-Kreuzberg,122,4,1906,3,Fair,255907,1066,3839,2559,107,2.79,2098,3.84,5.0,61
734,House,Mitte,61,1,1963,3,Fair,277975,1158,4170,2780,116,2.54,4557,-2.38,5.0,109
735,House,Neukölln,48,4,1981,4,Good,330653,1378,4960,3307,138,2.5,6889,-2.28,5.0,81
736,House,Tempelhof-Schöneberg,99,1,2018,3,Poor,240065,1000,3601,2401,100,2.71,2425,-4.4,5.0,106
737,Apartment,Neukölln,79,1,1944,4,Poor,206885,862,3103,2069,86,3.84,2619,7.65,5.0,96
738,House,Steglitz-Zehlendorf,31,2,1942,1,Good,68838,287,1033,688,29,4.45,2221,3.85,5.0,31
739,Apartment,Neukölln,56,3,1929,3,Fair,419284,1747,6289,4193,175,2.86,7487,-1.51,5.0,107
740,House,Mitte,64,2,1960,1,Good,193940,808,2909,1939,81,3.41,3030,7.01,5.0,64
741,House,Mitte,143,4,1951,2,Fair,722773,3012,10842,7228,301,2.68,5054,0.27,5.0,39
742,House,Charlottenburg-Wilmersdorf,136,3,2019,5,Fair,822277,3426,12334,8223,343,2.7,6046,1.54,5.0,71
743,Apartment,Friedrichshain-Kreuzberg,60,2,1981,4,Fair,164135,684,2462,1641,68,3.93,2736,5.42,5.0,47
744,House,Spandau,115,2,1945,4,Excellent,533646,2224,8005,5336,222,3.61,4640,6.91,5.0,113
745,Apartment,Treptow-Köpenick,120,3,1962,1,Excellent,760860,3170,11413,7609,317,2.52,6340,-0.18,5.0,33
746,House,Steglitz-Zehlendorf,97,2,2023,5,Good,695009,2896,10425,6950,290,2.99,7165,0.33,5.0,100
747,House,Charlottenburg-Wilmersdorf,116,4,1912,4,Excellent,339425,1414,5091,3394,141,2.68,2926,0.81,5.0,33
748,Apartment,Mitte,34,4,1985,3,Excellent,289847,1208,4348,2898,121,4.18,8525,6.96,5.0,119
749,House,Reinickendorf,97,1,1923,1,Excellent,187281,780,2809,1873,78,3.85,1931,7.43,5.0,108
750,House,Reinickendorf,49,1,1919,3,Poor,415013,1729,6225,4150,173,4.17,8470,6.14,5.0,90
751,Apartment,Schöneberg,81,4,2010,3,Poor,666056,2775,9991,6661,278,3.95,8223,8.59,5.0,42
752,Apartment,Charlottenburg-Wilmersdorf,80,4,1944,4,Fair,452214,1884,6783,4522,188,2.71,5653,-2.61,5.0,112
753,House,Tempelhof-Schöneberg,135,3,1996,3,Fair,1127392,4697,16911,11274,470,2.97,8351,8.75,5.0,111
754,Apartment,Schöneberg,75,4,1979,2,Excellent,621709,2590,9326,6217,259,4.5,8289,4.79,5.0,88
755,House,Charlottenburg-Wilmersdorf,86,2,1912,5,Fair,314867,1312,4723,3149,131,3.01,3661,7.07,5.0,117
756,House,Schöneberg,76,3,1915,2,Good,573022,2388,8595,5730,239,4.48,7540,8.8,5.0,30
757,House,Marzahn-Hellersdorf,129,4,1922,2,Poor,819749,3416,12296,8197,342,3.64,6355,0.89,5.0,96
758,Apartment,Spandau,127,2,1925,3,Excellent,332094,1384,4981,3321,138,2.85,2615,-2.12,5.0,77
759,Apartment,Spandau,105,4,1977,5,Poor,231639,965,3475,2316,96,2.68,2206,2.17,5.0,71
760,Apartment,Prenzlauer Berg,43,2,1980,3,Fair,125206,522,1878,1252,52,3.85,2912,2.97,5.0,81
761,Apartment,Steglitz-Zehlendorf,141,3,1958,3,Fair,1049262,4372,15739,10493,437,3.62,7442,3.13,5.0,93
762,Apartment,Charlottenburg-Wilmersdorf,48,2,1951,5,Fair,141909,591,2129,1419,59,3.86,2956,-1.03,5.0,95
763,Apartment,Lichtenberg,80,2,1990,5,Good,673207,2805,10098,6732,280,2.66,8415,-2.45,5.0,109
764,Apartment,Tempelhof-Schöneberg,47,3,1950,3,Poor,354697,1478,5320,3547,148,4.38,7547,8.34,5.0,74
765,Apartment,Prenzlauer Berg,89,1,1945,3,Poor,336636,1403,5050,3366,140,2.66,3782,5.76,5.0,51
766,Apartment,Reinickendorf,105,1,1914,4,Poor,541698,2257,8125,5417,226,4.05,5159,-2.58,5.0,96
767,House,Prenzlauer Berg,120,1,1913,4,Poor,618912,2579,9284,6189,258,3.08,5158,-3.96,5.0,43
768,House,Friedrichshain-Kreuzberg,38,1,1939,1,Fair,167223,697,2508,1672,70,3.07,4401,1.48,5.0,82
769,House,Lichtenberg,108,2,1912,1,Excellent,266734,1111,4001,2667,111,2.89,2470,-0.82,5.0,31
770,Apartment,Steglitz-Zehlendorf,76,4,1913,2,Good,255785,1066,3837,2558,107,3.45,3366,8.79,5.0,44
771,House,Lichtenberg,83,1,1938,1,Poor,191843,799,2878,1918,80,3.04,2311,4.28,5.0,70
772,House,Lichtenberg,79,4,1981,2,Poor,169413,706,2541,1694,71,4.42,2144,7.23,5.0,98
773,Apartment,Friedrichshain-Kreuzberg,81,2,1949,5,Poor,574936,2396,8624,5749,240,3.01,7098,2.99,5.0,44
774,House,Marzahn-Hellersdorf,49,2,1922,1,Poor,338842,1412,5083,3388,141,3.71,6915,0.26,5.0,38
775,House,Reinickendorf,109,3,1962,1,Poor,375832,1566,5637,3758,157,3.68,3448,4.94,5.0,104
776,House,Mitte,64,3,1947,2,Excellent,362028,1508,5430,3620,151,4.44,5657,3.75,5.0,118
777,House,Lichtenberg,85,3,1940,4,Fair,667122,2780,10007,6671,278,3.34,7848,-3.45,5.0,82
778,House,Lichtenberg,37,2,1911,4,Good,93050,388,1396,930,39,2.94,2515,-3.34,5.0,99
779,Apartment,Friedrichshain-Kreuzberg,97,3,1906,5,Fair,265035,1104,3976,2650,110,3.85,2732,7.45,5.0,39
780,House,Steglitz-Zehlendorf,91,3,2015,5,Good,389644,1624,5845,3896,162,4.42,4282,3.32,5.0,118
781,Apartment,Mitte,88,2,1945,1,Fair,578439,2410,8677,5784,241,2.7,6573,-1.83,5.0,58
782,Apartment,Marzahn-Hellersdorf,76,3,1991,4,Good,426255,1776,6394,4263,178,3.28,5609,8.23,5.0,36
783,House,Neukölln,99,2,1953,5,Poor,392263,1634,5884,3923,163,3.49,3962,2.99,5.0,108
784,Apartment,Schöneberg,82,2,2005,4,Excellent,541223,2255,8118,5412,226,2.82,6600,1.38,5.0,52
785,Apartment,Marzahn-Hellersdorf,83,1,1923,1,Fair,710335,2960,10655,7103,296,3.47,8558,-3.48,5.0,74
786,House,Neukölln,133,4,1954,5,Good,626213,2609,9393,6262,261,3.07,4708,-1.9,5.0,90
787,House,Reinickendorf,75,4,1925,4,Good,547574,2282,8214,5476,228,3.28,7301,7.27,5.0,48
788,Apartment,Charlottenburg-Wilmersdorf,43,2,1996,2,Excellent,124774,520,1872,1248,52,2.93,2902,6.09,5.0,44
789,Apartment,Spandau,105,2,1978,2,Fair,286358,1193,4295,2864,119,3.69,2727,8.53,5.0,79
790,House,Charlottenburg-Wilmersdorf,46,4,2015,1,Good,94608,394,1419,946,39,2.79,2057,-2.97,5.0,40
791,House,Friedrichshain-Kreuzberg,111,3,2002,5,Fair,663303,2764,9950,6633,276,3.19,5976,5.28,5.0,119
792,Apartment,Spandau,101,3,1975,5,Fair,850393,3543,12756,8504,354,3.7,8420,-3.83,5.0,33
793,Apartment,Charlottenburg-Wilmersdorf,146,1,2010,5,Good,739805,3083,11097,7398,308,4.28,5067,-0.09,5.0,90
794,Apartment,Prenzlauer Berg,32,3,1981,3,Excellent,122333,510,1835,1223,51,2.63,3823,4.28,5.0,99
795,House,Schöneberg,125,2,1921,1,Poor,214432,893,3216,2144,89,3.09,1715,6.93,5.0,107
796,House,Schöneberg,137,3,1942,2,Good,370877,1545,5563,3709,154,3.61,2707,-3.88,5.0,70
797,House,Prenzlauer Berg,93,1,1934,3,Poor,815417,3398,12231,8154,340,4.09,8768,2.37,5.0,86
798,House,Tempelhof-Schöneberg,133,1,2014,3,Poor,242836,1012,3643,2428,101,3.68,1826,-3.25,5.0,58
799,House,Lichtenberg,111,2,1950,5,Good,830157,3459,12452,8302,346,2.99,7479,5.73,5.0,66
800,Apartment,Lichtenberg,118,2,2010,5,Good,309636,1290,4645,3096,129,3.84,2624,-4.36,5.0,83
801,House,Marzahn-Hellersdorf,71,2,1919,2,Excellent,618110,2575,9272,6181,258,3.83,8706,5.37,5.0,53
802,Apartment,Charlottenburg-Wilmersdorf,58,3,1972,3,Poor,506684,2111,7600,5067,211,2.71,8736,-3.82,5.0,38
803,House,Spandau,51,1,1994,3,Excellent,427594,1782,6414,4276,178,2.62,8384,0.85,5.0,109
804,House,Charlottenburg-Wilmersdorf,53,4,1918,1,Excellent,360019,1500,5400,3600,150,3.37,6793,3.41,5.0,86
805,Apartment,Prenzlauer Berg,94,1,2001,4,Excellent,639362,2664,9590,6394,266,4.36,6802,-1.54,5.0,53
806,Apartment,Tempelhof-Schöneberg,117,3,1901,2,Excellent,642262,2676,9634,6423,268,3.28,5489,-0.65,5.0,59
807,House,Friedrichshain-Kreuzberg,121,4,1982,5,Excellent,917064,3821,13756,9171,382,2.8,7579,7.01,5.0,71
808,Apartment,Spandau,148,1,1998,5,Fair,378507,1577,5678,3785,158,4.21,2557,7.48,5.0,77
809,House,Charlottenburg-Wilmersdorf,79,4,2003,1,Good,416585,1736,6249,4166,174,3.49,5273,-0.73,5.0,120
810,House,Neukölln,94,2,1961,2,Excellent,234895,979,3523,2349,98,2.93,2499,5.97,5.0,103
811,House,Friedrichshain-Kreuzberg,91,2,2009,5,Poor,601689,2507,9025,6017,251,3.19,6612,5.18,5.0,55
812,House,Charlottenburg-Wilmersdorf,87,3,1967,2,Fair,399110,1663,5987,3991,166,2.69,4587,-2.26,5.0,97
813,House,Neukölln,112,1,1934,1,Fair,199742,832,2996,1997,83,4.12,1783,0.72,5.0,82
814,House,Charlottenburg-Wilmersdorf,99,4,1923,5,Excellent,479505,1998,7193,4795,200,2.64,4843,6.35,5.0,42
815,Apartment,Treptow-Köpenick,113,3,1975,4,Fair,635920,2650,9539,6359,265,3.14,5628,8.56,5.0,72
816,Apartment,Charlottenburg-Wilmersdorf,40,2,2023,1,Fair,111800,466,1677,1118,47,4.41,2795,7.56,5.0,87
817,House,Prenzlauer Berg,119,1,1999,4,Excellent,933228,3888,13998,9332,389,2.51,7842,-2.69,5.0,67
818,Apartment,Reinickendorf,86,1,1900,3,Excellent,561333,2339,8420,5613,234,4.25,6527,7.02,5.0,35
819,Apartment,Marzahn-Hellersdorf,41,2,1904,2,Poor,268358,1118,4025,2684,112,4.32,6545,-0.16,5.0,43
820,House,Schöneberg,117,3,1964,2,Fair,755587,3148,11334,7556,315,2.53,6458,6.5,5.0,70
821,Apartment,Steglitz-Zehlendorf,128,3,2013,4,Good,1004250,4184,15064,10042,418,3.25,7846,9.87,5.0,31
822,Apartment,Spandau,77,1,1918,4,Poor,563864,2349,8458,5639,235,3.57,7323,-4.13,5.0,82
823,Apartment,Tempelhof-Schöneberg,61,1,1981,2,Excellent,348964,1454,5234,3490,145,4.0,5721,4.09,5.0,109
824,Apartment,Schöneberg,82,4,1950,5,Poor,447278,1864,6709,4473,186,2.91,5455,5.99,5.0,45
825,Apartment,Tempelhof-Schöneberg,126,4,1968,1,Good,959577,3998,14394,9596,400,3.69,7616,0.59,5.0,40
826,House,Steglitz-Zehlendorf,134,4,1984,4,Excellent,282307,1176,4235,2823,118,3.19,2107,-4.8,5.0,43
827,House,Schöneberg,74,3,1987,2,Excellent,553150,2305,8297,5532,230,4.16,7475,-3.63,5.0,31
828,House,Marzahn-Hellersdorf,59,4,1959,3,Poor,231035,963,3466,2310,96,2.97,3916,8.4,5.0,91
829,Apartment,Lichtenberg,32,4,1981,1,Poor,120704,503,1811,1207,50,3.29,3772,4.08,5.0,69
830,Apartment,Treptow-Köpenick,87,4,1986,2,Good,673536,2806,10103,6735,281,3.99,7742,2.28,5.0,37
831,House,Tempelhof-Schöneberg,127,1,1946,2,Fair,968465,4035,14527,9685,404,3.52,7626,7.82,5.0,59
832,Apartment,Schöneberg,57,3,1993,4,Good,324013,1350,4860,3240,135,2.97,5684,3.21,5.0,52
833,House,Prenzlauer Berg,40,4,1904,2,Fair,173776,724,2607,1738,72,3.72,4344,-3.0,5.0,38
834,House,Schöneberg,143,4,2001,3,Fair,310939,1296,4664,3109,130,3.09,2174,3.32,5.0,116
835,Apartment,Charlottenburg-Wilmersdorf,49,3,2005,3,Fair,426586,1777,6399,4266,178,3.57,8706,2.78,5.0,55
836,House,Spandau,99,1,2000,1,Excellent,673673,2807,10105,6737,281,2.87,6805,7.37,5.0,119
837,Apartment,Spandau,81,4,1932,4,Poor,297272,1239,4459,2973,124,3.41,3670,8.63,5.0,99
838,Apartment,Mitte,46,4,1903,5,Poor,393912,1641,5909,3939,164,3.11,8563,0.26,5.0,34
839,House,Charlottenburg-Wilmersdorf,84,3,2007,4,Good,337054,1404,5056,3371,140,4.43,4013,-0.55,5.0,113
840,Apartment,Marzahn-Hellersdorf,52,2,1921,2,Excellent,210968,879,3165,2110,88,4.22,4057,5.53,5.0,110
841,House,Tempelhof-Schöneberg,143,3,1913,3,Poor,423811,1766,6357,4238,177,2.53,2964,5.66,5.0,102
842,Apartment,Neukölln,84,2,1987,5,Fair,208951,871,3134,2090,87,3.96,2488,8.01,5.0,118
843,Apartment,Steglitz-Zehlendorf,68,1,2013,2,Excellent,440527,1836,6608,4405,184,2.77,6478,6.2,5.0,57
844,House,Steglitz-Zehlendorf,148,3,1924,1,Fair,394160,1642,5912,3942,164,2.85,2663,1.99,5.0,112
845,Apartment,Spandau,104,1,1949,2,Excellent,766824,3195,11502,7668,320,3.48,7373,-1.46,5.0,114
846,House,Friedrichshain-Kreuzberg,139,2,2020,1,Good,1043433,4348,15651,10434,435,3.59,7507,9.19,5.0,64
847,House,Spandau,79,3,2005,1,Fair,338995,1412,5085,3390,141,2.56,4291,1.29,5.0,39
848,Apartment,Reinickendorf,75,1,2018,4,Good,561379,2339,8421,5614,234,3.04,7485,0.71,5.0,112
849,Apartment,Prenzlauer Berg,66,3,1924,1,Good,578256,2409,8674,5783,241,2.89,8761,-1.81,5.0,87
850,House,Mitte,65,1,1935,5,Poor,436492,1819,6547,4365,182,4.25,6715,7.06,5.0,38
851,Apartment,Charlottenburg-Wilmersdorf,56,2,1955,2,Good,282929,1179,4244,2829,118,2.56,5052,-1.34,5.0,96
852,House,Charlottenburg-Wilmersdorf,95,3,1911,2,Poor,508740,2120,7631,5087,212,3.07,5355,0.27,5.0,58
853,House,Friedrichshain-Kreuzberg,57,1,1998,2,Poor,253060,1054,3796,2531,105,3.33,4440,-3.09,5.0,35
854,House,Prenzlauer Berg,54,2,1943,5,Good,258547,1077,3878,2585,108,3.94,4788,-0.41,5.0,92
855,House,Spandau,58,2,1968,3,Excellent,375144,1563,5627,3751,156,2.63,6468,9.72,5.0,101
856,Apartment,Spandau,89,4,1945,1,Fair,614034,2558,9211,6140,256,3.07,6899,9.67,5.0,46
857,House,Lichtenberg,72,1,1902,3,Excellent,123581,515,1854,1236,52,3.44,1716,1.03,5.0,57
858,Apartment,Mitte,112,4,1992,1,Excellent,219902,916,3299,2199,92,3.33,1963,-3.49,5.0,99
859,Apartment,Lichtenberg,56,2,1902,2,Good,117993,492,1770,1180,49,4.09,2107,1.72,5.0,41
860,House,Schöneberg,75,3,1957,4,Fair,243619,1015,3654,2436,102,3.15,3248,8.77,5.0,40
861,House,Mitte,124,4,1965,3,Good,228250,951,3424,2282,95,3.68,1841,5.57,5.0,111
862,Apartment,Marzahn-Hellersdorf,130,2,1918,4,Excellent,525849,2191,7888,5258,219,3.21,4045,6.82,5.0,92
863,Apartment,Treptow-Köpenick,55,1,2005,2,Poor,211727,882,3176,2117,88,3.85,3850,2.07,5.0,48
864,House,Friedrichshain-Kreuzberg,81,3,1974,1,Good,364401,1518,5466,3644,152,3.26,4499,6.54,5.0,84
865,Apartment,Prenzlauer Berg,70,2,1984,1,Excellent,612021,2550,9180,6120,255,2.74,8743,6.97,5.0,81
866,Apartment,Reinickendorf,53,1,1991,5,Fair,303899,1266,4558,3039,127,4.19,5734,6.56,5.0,97
867,Apartment,Prenzlauer Berg,66,4,1978,3,Fair,223107,930,3347,2231,93,4.17,3380,6.27,5.0,109
868,Apartment,Prenzlauer Berg,39,3,1999,3,Excellent,321053,1338,4816,3211,134,4.09,8232,-2.27,5.0,70
869,Apartment,Steglitz-Zehlendorf,102,3,2016,4,Fair,835374,3481,12531,8354,348,3.87,8190,-1.75,5.0,106
870,House,Prenzlauer Berg,34,3,1959,2,Excellent,131643,549,1975,1316,55,2.78,3872,9.01,5.0,79
871,Apartment,Charlottenburg-Wilmersdorf,78,3,1995,4,Poor,167367,697,2511,1674,70,3.88,2146,0.73,5.0,64
872,Apartment,Steglitz-Zehlendorf,32,2,1962,4,Poor,158320,660,2375,1583,66,2.77,4948,-4.15,5.0,43
873,House,Mitte,53,4,1912,3,Poor,108934,454,1634,1089,45,4.21,2055,-1.53,5.0,89
874,House,Friedrichshain-Kreuzberg,30,4,1957,2,Good,91403,381,1371,914,38,3.0,3047,-2.45,5.0,67
875,Apartment,Reinickendorf,94,4,2012,2,Fair,533581,2223,8004,5336,222,2.81,5676,0.19,5.0,42
876,House,Treptow-Köpenick,100,3,1949,1,Poor,849120,3538,12737,8491,354,3.63,8491,5.74,5.0,85
877,Apartment,Mitte,90,3,1959,3,Excellent,554446,2310,8317,5544,231,3.04,6161,-0.23,5.0,111
878,Apartment,Treptow-Köpenick,50,2,1973,1,Good,368277,1534,5524,3683,153,3.02,7366,4.72,5.0,30
879,Apartment,Spandau,40,4,1961,4,Fair,153645,640,2305,1536,64,3.83,3841,-4.83,5.0,35
880,House,Neukölln,126,2,1925,3,Good,995252,4147,14929,9953,415,4.44,7899,6.04,5.0,101
881,Apartment,Spandau,53,1,1917,2,Poor,305955,1275,4589,3060,128,3.01,5773,8.13,5.0,90
882,Apartment,Marzahn-Hellersdorf,64,3,1921,1,Poor,132513,552,1988,1325,55,3.71,2071,6.11,5.0,78
883,House,Prenzlauer Berg,114,2,1945,2,Good,996732,4153,14951,9967,415,2.52,8743,8.35,5.0,87
884,Apartment,Neukölln,49,1,2001,1,Poor,414277,1726,6214,4143,173,4.2,8455,4.05,5.0,71
885,Apartment,Charlottenburg-Wilmersdorf,84,1,1946,4,Poor,265531,1106,3983,2655,111,2.84,3161,-4.75,5.0,69
886,House,Charlottenburg-Wilmersdorf,50,2,1949,2,Poor,283671,1182,4255,2837,118,3.77,5673,9.04,5.0,56
887,Apartment,Treptow-Köpenick,84,3,1958,1,Good,455007,1896,6825,4550,190,2.64,5417,-3.67,5.0,48
888,Apartment,Spandau,35,3,1964,3,Excellent,113349,472,1700,1133,47,4.49,3239,2.9,5.0,100
889,House,Tempelhof-Schöneberg,85,1,1964,1,Fair,213069,888,3196,2131,89,3.16,2507,6.82,5.0,70
890,Apartment,Lichtenberg,32,2,1980,4,Excellent,112407,468,1686,1124,47,3.27,3513,-1.21,5.0,70
891,House,Lichtenberg,135,2,2003,3,Fair,1032896,4304,15493,10329,430,3.92,7651,8.95,5.0,103
892,House,Neukölln,53,1,1987,2,Fair,412683,1720,6190,4127,172,3.65,7786,-3.32,5.0,102
893,Apartment,Prenzlauer Berg,146,4,1992,4,Excellent,641552,2673,9623,6416,267,3.18,4394,-1.87,5.0,64
894,Apartment,Steglitz-Zehlendorf,62,3,1947,5,Excellent,384187,1601,5763,3842,160,3.97,6197,5.01,5.0,46
895,House,Neukölln,134,4,1971,3,Good,414234,1726,6214,4142,173,3.23,3091,4.76,5.0,49
896,Apartment,Steglitz-Zehlendorf,106,2,1948,4,Fair,590398,2460,8856,5904,246,2.97,5570,5.12,5.0,91
897,Apartment,Lichtenberg,100,3,1973,1,Poor,289687,1207,4345,2897,121,3.96,2897,6.2,5.0,62
898,Apartment,Friedrichshain-Kreuzberg,62,1,1943,2,Excellent,410224,1709,6153,4102,171,2.69,6617,7.08,5.0,84
899,House,Marzahn-Hellersdorf,139,1,1954,3,Poor,572237,2384,8584,5722,238,3.15,4117,7.44,5.0,44
900,House,Reinickendorf,112,4,2009,4,Excellent,911396,3797,13671,9114,380,3.24,8137,3.12,5.0,46
901,House,Marzahn-Hellersdorf,112,2,1932,1,Excellent,760434,3168,11407,7604,317,4.12,6790,1.99,5.0,116
902,Apartment,Marzahn-Hellersdorf,137,1,1906,4,Poor,727609,3032,10914,7276,303,2.94,5311,0.78,5.0,115
903,Apartment,Charlottenburg-Wilmersdorf,38,3,2019,3,Excellent,280211,1168,4203,2802,117,2.52,7374,-2.83,5.0,119
904,Apartment,Charlottenburg-Wilmersdorf,36,3,1944,5,Fair,201331,839,3020,2013,84,3.8,5593,5.59,5.0,105
905,House,Schöneberg,31,1,1949,1,Good,178823,745,2682,1788,74,3.24,5768,2.91,5.0,116
906,Apartment,Steglitz-Zehlendorf,130,4,1951,1,Good,636097,2650,9541,6361,265,4.34,4893,-4.38,5.0,112
907,House,Neukölln,51,2,1944,2,Excellent,411072,1713,6166,4111,171,3.0,8060,-1.37,5.0,63
908,Apartment,Friedrichshain-Kreuzberg,48,2,1923,1,Fair,388073,1617,5821,3881,162,3.15,8085,6.88,5.0,108
909,House,Tempelhof-Schöneberg,136,2,1931,2,Fair,573164,2388,8597,5732,239,4.34,4214,5.62,5.0,67
910,Apartment,Steglitz-Zehlendorf,57,3,1953,5,Excellent,454589,1894,6819,4546,189,3.0,7975,0.45,5.0,95
911,House,Neukölln,30,4,1942,5,Excellent,130048,542,1951,1300,54,3.94,4335,6.01,5.0,67
912,Apartment,Charlottenburg-Wilmersdorf,48,2,2011,2,Excellent,357745,1491,5366,3577,149,3.58,7453,2.59,5.0,51
913,House,Reinickendorf,46,4,2005,1,Fair,242941,1012,3644,2429,101,3.3,5281,-1.86,5.0,74
914,House,Friedrichshain-Kreuzberg,79,4,1983,4,Poor,330763,1378,4961,3308,138,2.54,4187,-0.95,5.0,79
915,Apartment,Spandau,113,3,1970,1,Fair,835707,3482,12536,8357,348,3.77,7396,3.02,5.0,67
916,Apartment,Spandau,76,1,1933,5,Poor,597028,2488,8955,5970,249,3.89,7856,8.9,5.0,120
917,House,Marzahn-Hellersdorf,45,4,1996,5,Good,353958,1475,5309,3540,148,4.4,7866,-0.79,5.0,102
918,House,Treptow-Köpenick,90,2,1966,2,Poor,232234,968,3484,2322,97,3.44,2580,7.64,5.0,79
919,Apartment,Mitte,50,1,1930,3,Poor,416601,1736,6249,4166,174,3.24,8332,9.41,5.0,118
920,House,Friedrichshain-Kreuzberg,123,1,1969,4,Fair,516046,2150,7741,5160,215,3.31,4195,7.21,5.0,46
921,Apartment,Treptow-Köpenick,83,2,2003,2,Good,572132,2384,8582,5721,238,2.57,6893,6.89,5.0,36
922,Apartment,Neukölln,104,2,2013,1,Poor,368206,1534,5523,3682,153,3.97,3540,1.47,5.0,85
923,Apartment,Tempelhof-Schöneberg,113,1,1985,4,Fair,402878,1679,6043,4029,168,3.23,3565,8.12,5.0,92
924,Apartment,Marzahn-Hellersdorf,78,2,1953,5,Good,659590,2748,9894,6596,275,3.49,8456,6.8,5.0,111
925,Apartment,Reinickendorf,31,3,1915,2,Excellent,150244,626,2254,1502,63,4.14,4847,2.48,5.0,98
926,House,Treptow-Köpenick,143,3,2006,4,Excellent,900692,3753,13510,9007,375,3.01,6299,-4.12,5.0,46
927,House,Schöneberg,149,3,1929,3,Poor,477265,1989,7159,4773,199,3.25,3203,9.85,5.0,100
928,House,Neukölln,67,4,1985,3,Excellent,157405,656,2361,1574,66,3.4,2349,-4.6,5.0,62
929,Apartment,Neukölln,134,3,2011,1,Poor,636381,2652,9546,6364,265,3.84,4749,-0.33,5.0,91
930,House,Mitte,54,1,1907,3,Good,101851,424,1528,1019,42,3.53,1886,-4.87,5.0,114
931,Apartment,Prenzlauer Berg,57,4,2012,1,Fair,273711,1140,4106,2737,114,4.45,4802,6.79,5.0,83
932,Apartment,Neukölln,135,2,1925,3,Fair,706287,2943,10594,7063,294,4.27,5232,-0.57,5.0,94
933,House,Spandau,117,1,1930,4,Good,333326,1389,5000,3333,139,3.02,2849,-4.21,5.0,108
934,House,Neukölln,47,2,2023,3,Good,188720,786,2831,1887,79,3.87,4015,3.79,5.0,41
935,Apartment,Reinickendorf,102,1,1924,3,Good,535124,2230,8027,5351,223,2.89,5246,2.45,5.0,110
936,Apartment,Neukölln,135,2,2020,3,Fair,443463,1848,6652,4435,185,3.11,3285,-2.42,5.0,83
937,House,Charlottenburg-Wilmersdorf,62,1,1966,3,Poor,143921,600,2159,1439,60,2.6,2321,-3.26,5.0,76
938,House,Mitte,140,3,1987,3,Excellent,1203036,5013,18046,12030,501,3.89,8593,7.29,5.0,63
939,House,Charlottenburg-Wilmersdorf,131,4,1931,3,Fair,748652,3119,11230,7487,312,3.12,5715,8.88,5.0,33
940,Apartment,Treptow-Köpenick,60,4,1913,2,Excellent,100993,421,1515,1010,42,4.34,1683,-1.51,5.0,63
941,House,Steglitz-Zehlendorf,125,1,1944,1,Fair,627443,2614,9412,6274,261,3.48,5020,7.05,5.0,97
942,Apartment,Treptow-Köpenick,128,1,1948,5,Fair,633944,2641,9509,6339,264,4.06,4953,6.74,5.0,51
943,House,Neukölln,31,2,1954,3,Poor,180722,753,2711,1807,75,4.49,5830,8.11,5.0,103
944,Apartment,Reinickendorf,75,4,1930,5,Excellent,174947,729,2624,1749,73,2.97,2333,4.35,5.0,111
945,Apartment,Spandau,58,1,1959,4,Poor,216737,903,3251,2167,90,3.15,3737,8.05,5.0,86
946,House,Steglitz-Zehlendorf,57,3,1980,2,Good,374221,1559,5613,3742,156,3.21,6565,2.9,5.0,112
947,House,Mitte,128,1,1965,4,Good,976494,4069,14647,9765,407,3.21,7629,7.66,5.0,99
948,Apartment,Lichtenberg,66,2,1994,1,Excellent,438547,1827,6578,4385,183,4.35,6645,2.68,5.0,99
949,House,Spandau,73,3,1979,3,Good,327238,1363,4909,3272,136,4.21,4483,1.43,5.0,64
950,Apartment,Friedrichshain-Kreuzberg,126,1,2020,3,Excellent,285015,1188,4275,2850,119,3.14,2262,-4.13,5.0,31
951,Apartment,Charlottenburg-Wilmersdorf,144,3,2006,4,Excellent,355501,1481,5333,3555,148,3.86,2469,1.37,5.0,115
952,House,Steglitz-Zehlendorf,81,3,2018,5,Good,326935,1362,4904,3269,136,3.52,4036,0.68,5.0,68
953,Apartment,Schöneberg,121,3,1941,3,Poor,910112,3792,13652,9101,379,4.41,7522,5.25,5.0,90
954,Apartment,Friedrichshain-Kreuzberg,58,1,2008,1,Good,380557,1586,5708,3806,159,3.36,6561,4.34,5.0,56
955,Apartment,Charlottenburg-Wilmersdorf,94,1,1963,4,Poor,553854,2308,8308,5539,231,4.46,5892,8.45,5.0,49
956,House,Marzahn-Hellersdorf,112,2,2014,3,Fair,843152,3513,12647,8432,351,3.0,7528,-0.58,5.0,91
957,House,Tempelhof-Schöneberg,38,2,1921,5,Fair,189433,789,2841,1894,79,3.39,4985,-3.74,5.0,77
958,House,Tempelhof-Schöneberg,63,1,1951,1,Poor,109881,458,1648,1099,46,3.12,1744,2.98,5.0,55
959,Apartment,Friedrichshain-Kreuzberg,148,4,1933,2,Excellent,1062757,4428,15941,10628,443,3.59,7181,-0.8,5.0,120
960,House,Steglitz-Zehlendorf,75,1,1983,3,Good,547328,2281,8210,5473,228,2.81,7298,1.51,5.0,70
961,House,Reinickendorf,35,1,2004,3,Poor,103842,433,1558,1038,43,3.47,2967,3.42,5.0,34
962,Apartment,Neukölln,72,1,1911,4,Poor,401917,1675,6029,4019,168,2.96,5582,-2.43,5.0,91
963,Apartment,Lichtenberg,138,3,1986,4,Fair,1087872,4533,16318,10879,453,3.09,7883,3.4,5.0,50
964,House,Neukölln,56,2,1983,4,Excellent,302720,1261,4541,3027,126,4.34,5406,7.91,5.0,39
965,House,Charlottenburg-Wilmersdorf,120,3,1918,2,Fair,832532,3469,12488,8325,347,3.88,6938,-2.0,5.0,106
966,Apartment,Lichtenberg,117,2,2005,3,Fair,777666,3240,11665,7777,324,2.73,6647,8.37,5.0,72
967,Apartment,Schöneberg,123,3,1928,4,Good,778657,3244,11680,7787,324,3.46,6331,-2.11,5.0,48
968,House,Charlottenburg-Wilmersdorf,105,2,1970,4,Poor,705427,2939,10581,7054,294,3.67,6718,-3.6,5.0,54
969,Apartment,Charlottenburg-Wilmersdorf,133,2,1991,4,Good,1028790,4287,15432,10288,429,3.41,7735,-2.86,5.0,33
970,House,Steglitz-Zehlendorf,94,4,1969,4,Poor,626207,2609,9393,6262,261,3.5,6662,-1.34,5.0,76
971,House,Marzahn-Hellersdorf,148,1,2002,3,Fair,800042,3334,12001,8000,333,4.03,5406,5.8,5.0,109
972,Apartment,Reinickendorf,146,3,1971,5,Good,935845,3899,14038,9358,390,2.92,6410,0.17,5.0,85
973,Apartment,Charlottenburg-Wilmersdorf,82,3,1938,4,Good,673837,2808,10108,6738,281,3.02,8218,6.08,5.0,39
974,House,Charlottenburg-Wilmersdorf,34,4,2007,1,Excellent,261081,1088,3916,2611,109,4.18,7679,1.75,5.0,84
975,House,Mitte,109,3,1998,4,Poor,699963,2917,10499,7000,292,3.02,6422,-4.89,5.0,61
976,Apartment,Schöneberg,129,3,1937,3,Poor,1066301,4443,15995,10663,444,3.3,8266,-4.74,5.0,73
977,House,Steglitz-Zehlendorf,147,4,1926,2,Good,1201088,5005,18016,12011,500,2.71,8171,5.03,5.0,39
978,House,Spandau,70,3,1938,3,Fair,140326,585,2105,1403,58,2.89,2005,2.04,5.0,68
979,House,Steglitz-Zehlendorf,44,1,1964,4,Poor,349998,1458,5250,3500,146,2.81,7954,-0.14,5.0,109
980,Apartment,Lichtenberg,109,4,2007,2,Poor,418763,1745,6281,4188,174,4.43,3842,4.41,5.0,77
981,Apartment,Lichtenberg,96,3,1946,3,Good,174844,729,2623,1748,73,3.14,1821,-2.72,5.0,58
982,Apartment,Marzahn-Hellersdorf,141,4,2003,1,Good,592172,2467,8883,5922,247,2.79,4200,7.11,5.0,92
983,Apartment,Lichtenberg,130,3,1948,4,Good,913288,3805,13699,9133,380,4.06,7025,-3.21,5.0,102
984,Apartment,Tempelhof-Schöneberg,128,4,1955,3,Poor,380225,1584,5703,3802,158,4.24,2971,5.05,5.0,50
985,House,Reinickendorf,73,3,1939,1,Good,498801,2078,7482,4988,208,4.21,6833,6.23,5.0,56
986,House,Schöneberg,115,3,2016,2,Poor,577193,2405,8658,5772,240,3.81,5019,-1.44,5.0,41
987,Apartment,Tempelhof-Schöneberg,87,2,1964,3,Fair,479888,2000,7198,4799,200,2.64,5516,4.46,5.0,97
988,House,Lichtenberg,138,4,1907,4,Good,1070702,4461,16061,10707,446,3.43,7759,2.19,5.0,73
989,House,Schöneberg,138,2,1992,5,Good,676872,2820,10153,6769,282,2.67,4905,1.45,5.0,39
990,Apartment,Marzahn-Hellersdorf,64,1,2000,5,Poor,307669,1282,4615,3077,128,3.21,4807,-3.26,5.0,72
991,Apartment,Treptow-Köpenick,91,2,1918,1,Poor,297584,1240,4464,2976,124,3.74,3270,3.67,5.0,52
992,Apartment,Steglitz-Zehlendorf,31,2,2014,4,Fair,80050,334,1201,800,33,3.19,2582,-4.87,5.01,98
993,Apartment,Schöneberg,65,3,1933,4,Good,495672,2065,7435,4957,206,3.35,7626,9.89,5.0,57
994,House,Marzahn-Hellersdorf,49,2,1953,2,Fair,303952,1266,4559,3040,127,3.67,6203,3.48,5.0,78
995,Apartment,Mitte,42,3,1944,1,Poor,147148,613,2207,1471,61,2.86,3504,8.68,5.0,74
996,House,Marzahn-Hellersdorf,116,2,1931,3,Good,727466,3031,10912,7275,303,3.74,6271,5.44,5.0,104
997,House,Treptow-Köpenick,138,2,1987,4,Poor,349007,1454,5235,3490,145,3.42,2529,2.73,5.0,46
998,House,Tempelhof-Schöneberg,56,4,1952,2,Fair,186216,776,2793,1862,78,4.02,3325,-3.52,5.0,98
999,Apartment,Charlottenburg-Wilmersdorf,108,3,1946,1,Good,475920,1983,7139,4759,198,3.71,4407,7.36,5.0,45
1000,Apartment,Steglitz-Zehlendorf,48,2,1978,2,Fair,416217,1734,6243,4162,173,4.17,8671,3.07,5.0,113
